ယနေ့ မန္တလေးမြို့လယ်ခေါင်မှာ ဟွန်းတီးသပိတ်ပြုလုပ်၍ စစ်အာဏာရှင်စနစ် ဆန့်ကျင်ရေး ဆန္ဒထုတ်ဖော်ခဲ့ကြတဲ့ မန္တလေးမြို့အခြေစိုက် တကသများစစ်ကြောင်း။ #အရေးတော်ပုံ_အောင်ရမည်  #WhatsHappeningInMyanmar https://t.co/DAzoGgvFbA	A column of Takathas based in Mandalay who protested against the military dictatorship by holding a honking strike in the center of Mandalay today. #ชับปัต้า_คั่วิม #WhatsHappeningInMyanmar https://t.co/DAzoGgvFbA
ပြည်ထောင်စုသမ္မတမြန်မာနိုင်ငံတော် အမျိုးသားညီညွတ်ရေးအစိုးရ ကြေညာချက်အမှတ်(၄/၂၀၂၁) "Non-CDM များနှင့် ပတ်သက်သော သဘောထားကြေညာချက်" #အရေးတော်ပုံ_အောင်ရမည် #WhatsHappeningInMyanmar https://t.co/IWEJl0X5mH	The National Unity Government of the Republic of the Republic of Myanmar Statement No. (4/2021) "Statement of Attitude Regarding Non-CDMs" #ป้วิชัว_จัวิว #WhatsHappeningInMyanmar https://t.co/IWEJl0X5mH
@MinMin28190934 အဲ့တာ ဘယ်လဲ ညီလေး	@MinMin28190934 What is that bro?
ရတနာပုံတက္ကသိုလ်ရှိ CDM ပြည်သူ့ဝန်ထမ်းများအား ဆက်လက်ထောက်ပံ့နိုင်ရေး ဝိုင်းဝန်းကူညီကြရန် နှိုးဆော်ခြင်း   ဆက်သွယ်ရန် &gt;&gt;&gt; ရတကသ - ydnbusu@gmail.com ယာယီတက္ကသိုလ်ကောင်စီ - yadanabonuniversity.council@gmail.com လူမှုကွန်ရက်စာမျက်နှာ - https://t.co/4AIMv0Iwv7  #အရေးတော်ပုံ_အောင်ရမည် https://t.co/WwzZI5Ccdu	Contact >>> Ratakatha - ydnbusu@gmail.com Provisional University Council - yadanabonuniversity.council@gmail.com Social Network Page - https://t.co/4AIMv0Iwv7 #ชี้ปลั่_สัวยล https://t.co/WwzZI5Ccdu
မိုးတွေရွာနေပေမယ့် မန္တလေးမြို့လမ်းမကြီးတွေထက်မှာ ကျောင်းသားပြည်သူ စုစည်းပြီး ဆန္ဒထုတ်ဖော်ခဲ့ကြတဲ့ မန္တလေးမြို့အခြေစိုက် တကသများစစ်ကြောင်း။ #အရေးတော်ပုံ_အောင်ရမည် #WhatsHappeningInMyanmar https://t.co/dWmFoHkFCc	Although it was raining, the Takatha column based in Mandalay where students gathered and protested on the main streets of Mandalay. #ชีวิชั่_วั่วิม #WhatsHappeningInMyanmar https://t.co/dWmFoHkFCc
မိုးတွေရွာနေပေမယ့် မန္တလေးမြို့လမ်းမကြီးတွေထက်မှာ ကျောင်းသားပြည်သူ စုစည်းပြီး ဆန္ဒထုတ်ဖော်ခဲ့ကြတဲ့ မန္တလေးမြို့အခြေစိုက် တကသများစစ်ကြောင်း။ (Video) #အရေးတော်ပုံ_အောင်ရမည် #WhatsHappeningInMyanmar https://t.co/tP2wQtIe6c	Although it was raining, the Takatha column based in Mandalay where students gathered and protested on the main streets of Mandalay. (Video) #ชี่คัว_วัววัว #WhatsHappeningInMyanmar https://t.co/tP2wQtIe6c
မိုးတွေရွာနေပေမယ့် မန္တလေးမြို့လမ်းမကြီးတွေထက်မှာ ကျောင်းသားပြည်သူ စုစည်းပြီး ဆန္ဒထုတ်ဖော်ခဲ့ကြတဲ့ မန္တလေးမြို့အခြေစိုက် တကသများစစ်ကြောင်း။ (Video) #အရေးတော်ပုံ_အောင်ရမည် #WhatsHappeningInMyanmar https://t.co/3KtuChRy94	Although it was raining, the Takatha column based in Mandalay where students gathered and protested on the main streets of Mandalay. (Video) #ชีวิชัต_คัวิว #WhatsHappeningInMyanmar https://t.co/3KtuChRy94
Thanks Comrades from Taiwan ✊	Thanks Comrades from Taiwan ✊
&gt;&gt; ရတနာပုံတက္ကသိုလ်က CDM ပြည်သူ့ဝန်ထမ်း‌တွေကို ကြေညာစာထုတ်ပြီး ထုတ်ပယ်တယ်။   &gt;&gt; အရင်အစိုးရလက်ထက်က ချီးမြှင့်ငွေ(၂)လစာကို ကြေညာစာထုတ်ပြီး ပြန်တောင်းတယ်။  တွေးစရာက (၂)ခုလုံးကို တရားဝင် လူသိရှင်ကြား မကြေညာဘဲ တစ်ဦးချင်းထံ စာအိတ်နဲ့ ပို့သတဲ့။  လောက်ကောင်တို့ရေ #မင်းတို့_ကြောက်နေပြီလား	>> Yadanapap University issued a notice and dismissed the CDM public employees. >> In the previous government, they issued an announcement and asked for the (2) salary back. The thought is that both (2) were sent by envelope to individuals without official public announcement. Guys, are #you_scared already?
ဒေါက်တာတေဇာဆန်းကို တောင်ကိုရီးယားနိုင်ငံက "ဇွန်လအရေးအခင်း ဂုဏ်ထူးဆောင်ဆု"အား ချီးမြှင့်ခဲ့ပါသည်။ အဆိုပါဆုကို ကိုရီးယားမြန်မာ ပူးပေါင်းလုပ်ဆောင်ရေးအဖွဲ့ ဥက္ကဋ္ဌ ကိုဇော်မိုးအောင်က လက်ခံရယူပေးခဲ့ပါတယ်။ #Congratulations Dr Tayzar San #WhatsHappeningInMyanmar https://t.co/FE3whhQ871	Dr. Tae Za San was awarded the "June Incident Honorary Award" by South Korea. The award was received by Ko Zaw Moe Aung, chairman of the Korea-Myanmar Cooperation Organization. #Congratulations Dr Tayzar San #WhatsHappeningInMyanmar https://t.co/FE3whhQ871
ပြာရီမှိုင်းကာမို့မို့၊ ညို့ညို့ ညိုလွင် #မန္တလေး #မိုးဥတုရာသီ https://t.co/Pgehx2BehR	Because it's blue and dull, Nyo Nyo Nyo Lwin #Mủạt Lắy #Moe Yộtọ Season https://t.co/Pgehx2BehR
ယနေ့ မန္တလေးမြို့အခြေစိုက် တက္ကသိုလ်ကျောင်းသားသမဂ္ဂများ သပိတ်စစ်ကြောင်းဟာ မန္တလေးမြို့အလယ်ရှိ မနော်ရမ္မံကွင်းရှေ့တွင် ကျောင်းသားပြည်သူစုစည်း၍ ဆန္ဒထုတ်ဖော်ခဲ့ကြသည်။ #အရေးတော်ပုံ_အောင်ရမည် https://t.co/DSCOBOzVSm	Today, the Mandalay City-based University Student Union strike line gathered in front of the Manawram Stadium in the center of Mandalay. #ชี่ชับ_ตั่วิว https://t.co/DSCOBOzVSm
ရွေးကောက်ခံအစိုးရနဲ့ စစ်ကောင်စီရဲ့ လူထုအ‌ပေါ် စေတနာကွာခြားချက် #အာဏာသိမ်းစစ်ကောင်စီ #ကျဆုံးပါစေ	The difference between the will of the elected government and the military council towards the people #国院贝维国丽 #这是
ပိတ်ဆို့နေတဲ့ စစ်ကျွန်ပညာရေးကို သပိတ်မှောက်၊ ဖက်ဒရယ်ပညာရေးလမ်းကို ရဲရဲလျှောက်''   #ဘူးသပိတ် #ကျောင်းမတက်နဲ့ကျောင်းပျက် #အာဏာရင်စနစ်မုချကျဆုံးရေး #ဖယ်ဒရယ်ဒီမိုကရေစီရရှိရေး #ဖယ်ဒရယ်ပညာရေးပေါ်ပေါက်ရေး #WhatsHappeningInMyanmar https://t.co/TgAUfSY2rv
ငါတို့မျိုးဆက်မှာ စစ်ကျွန်ပညာရေး မုချကျဆုံးရမည်။ လွတ်လပ်ပြီး တွေးခေါ်မှုပွင့်လန်းသော ပညာရေးစနစ်သစ်ပေါ်ထွန်းရမည်။
@pyaezone Left photo is Bayintnaung. He is not U Aung Zayya.
| ၁၉၄၅ခုနှစ် | ဖက်ဆစ်တွေ လက်နက်ချတဲ့အချိန်။ | လက်ရှိ မြန်မာ့မြေပေါ်က ဖက်ဆစ်တွေကိုလည်း အမြစ်ဖြတ် ချေမှုန်းကြရဦးမည်။ #ဖက်ဆစ်စနစ်_ကျဆုံးပါစေ https://t.co/uLgn6CY6by
@bbcburmese မြန်မာ့အရေး ရပ်တည်ပေးဖို့ ဆွေးနွေးနိုင်ကြစေရန် အထူးမျှော်လင့်ပါတယ်ခင်ဗျာ။
@pyaezone This photo is in Wikipedia. This is same with your post's photo. https://t.co/qv97n5mnX0
ဖက်ဆစ်စစ်တပ် အမြစ်ဖြတ်။ မုဒိန်းစစ်တပ် အမြစ်ဖြတ်။ #အရေးတော်ပုံ_အောင်ရမည် https://t.co/Xh1sv2cvzM
စစ်အာဏာရှင်စနစ်ကို ဆန့်ကျင်ကြောင်း မန္တလေးမြို့လယ်ခေါင် (၃၅)လမ်းပေါ်မှာ သမဂ္ဂအလံနီ/အလံနက်တွေနဲ့ စုစည်းဆန္ဒဖော်ထုတ်ခဲ့ကြတဲ့ မန္တလေးမြို့အခြေစိုက် တက္ကသိုလ်ကျောင်းသားသမဂ္ဂများ(တကသများ) သပိတ်စစ်ကြောင်း။ #အရေးတော်ပုံ_အောင်ရမည် https://t.co/yWZSYvlJuz
သွေးမအေးတဲ့ မန္တ‌လေးပြည်သူလူထု၏ ပူးပေါင်းပါဝင်မှု https://t.co/9Tmq6pi1Lo
မန္တလေးမြို့လယ်ခေါင်မှ တက္ကသိုလ်ကျောင်းသားသမဂ္ဂများစစ်ကြောင်း၏ ကြွေးကြော်သံများ။ | သပိတ် သပိတ် မှောက် မှောက် | ဒီမိုကရေစီရရှိရေး | စစ်အာဏာရှင်စနစ်တိုက်ဖျက်ရေး | ဖက်ဒရယ်ပြည်ထောင်စုပေါ်ပေါက်ရေး | ဖမ်းဆီးခံရသူများလွှတ်ပေးရေး #အရေးတော်ပုံ_အောင်ရမည် https://t.co/aq3Mf1ANm1
ဟန်ပန်မရှိတဲ့ တက်ကြွသွက်လက်မှုတွေကို ကျွန်တော် အရမ်းသဘောကျတယ်။ @BarackObama @JoeBiden https://t.co/upD54r7Yey
မိတ် အမေရီကန်ဂရိတ် အဂိမ်း #အစေခံပညာရေး #စစ်ကျွန်ပညာရေး https://t.co/BijzqREW0F
မှတ်မိကြသေးရဲ့လား မေးစမ်းချင်သည်။
ကျွန်‌တော် သဘောကျတဲ့ News intro လေး #UnitedNews #1945AD #WWII https://t.co/ZpOLGsMqkS
| ၂၀၂၁ခုနှစ် ဖေဖော်ဝါရီလ(၉)ရက် မန္တလေးမြို့ (၃၈)လမ်းနှင့် (၇၈)လမ်းထောင့်တွင် မန္တလေးမြို့အခြေစိုက် တက္ကသိုလ်ကျောင်းသားသမဂ္ဂများစစ်ကြောင်းနှင့် ရဲတပ်ဖွဲ့တို့ ထိပ်တိုက်တိုးကြရာ မြို့ခံလူထုအများအပြား ရောက်ရှိလာပြီး ကျောင်းသားများကို ဤကဲ့သို့ ကာကွယ်ပေးခဲ့ကြသည်။ #အရေးတော်ပုံ_အောင်ရမည် https://t.co/CvxiE3UYSJ
ရတနာပုံတက္ကသိုလ်ကျောင်းသားများသမဂ္ဂ(ရ.တ.က.သ)က ထုတ်ဝေတဲ့ ခွပ်ဒေါင်းတွန်သံ စာစဉ် အတွဲ(၁)၊ အမှတ်(၇) ထွက်ပြီ။  PDF Link - https://t.co/ZKmETRjOf4  #ခွပ်ဒေါင်းတွန်သံ_မိုးသိုညံစေရမည် #အရေးတော်ပုံ_အောင်ရမည် https://t.co/zWNfcRZzGn
စိတ်ဖိစီးမှုတွေများပြီး စိတ်ဓာတ်ကျတဲ့ညဆို ဖုန်းအတူပြောလေ့ရှိတဲ့ ကျွန်တော့်ရဲ့ သူငယ်ချင်း (ရဲဘော်) @MyoHtetNaingLi1 ပြန်မလွတ်သေးဘူး။  #သတိရတယ်ဗျာ   #ခင်ဗျားအပါအဝင်_မတရားဖမ်းဆီးခံရသူတွေလွတ်ဖို့_ကျွန်တော်_အဆုံးထိ_တိုက်ပွဲဝင်မယ် #အရေးတော်ပုံ_အောင်ရမည် https://t.co/SKGbGaobrn
မန္တလေးမြို့အခြေစိုက် တက္ကသိုလ်ကျောင်းသားသမဂ္ဂများ၏ ထုတ်ပြန်ကြေညာချက် နွေဦးတော်လှန်ရေးကဏ္ဍအသီးသီးတွင် ပူးပေါင်းပါဝင်ကြရန် တိုက်တွန်းနှိုးဆော်ခြင်း" | ၂၀၂၁ခုနှစ် ဇွန်လ(၁၄)ရက် https://t.co/DOhZnCNnMo	ပိတ်ဆို့နေတဲ့ စစ်ကျွန်ပညာရေးကို သပိတ်မှောက်၊ ဖက်ဒရယ်ပညာရေးလမ်းကို ရဲရဲလျှောက်''   #ဘူးသပိတ် #ကျောင်းမတက်နဲ့ကျောင်းပျက် #အာဏာရင်စနစ်မုချကျဆုံးရေး #ဖယ်ဒရယ်ဒီမိုကရေစီရရှိရေး #ဖယ်ဒရယ်ပညာရေးပေါ်ပေါက်ရေး #WhatsHappeningInMyanmar https://t.co/TgAUfSY2rv
ငါတို့မျိုးဆက်မှာ စစ်ကျွန်ပညာရေး မုချကျဆုံးရမည်။ လွတ်လပ်ပြီး တွေးခေါ်မှုပွင့်လန်းသော ပညာရေးစနစ်သစ်ပေါ်ထွန်းရမည်။
@pyaezone Left photo is Bayintnaung. He is not U Aung Zayya.
| ၁၉၄၅ခုနှစ် | ဖက်ဆစ်တွေ လက်နက်ချတဲ့အချိန်။ | လက်ရှိ မြန်မာ့မြေပေါ်က ဖက်ဆစ်တွေကိုလည်း အမြစ်ဖြတ် ချေမှုန်းကြရဦးမည်။ #ဖက်ဆစ်စနစ်_ကျဆုံးပါစေ https://t.co/uLgn6CY6by
@bbcburmese မြန်မာ့အရေး ရပ်တည်ပေးဖို့ ဆွေးနွေးနိုင်ကြစေရန် အထူးမျှော်လင့်ပါတယ်ခင်ဗျာ။
@pyaezone This photo is in Wikipedia. This is same with your post's photo. https://t.co/qv97n5mnX0
ဖက်ဆစ်စစ်တပ် အမြစ်ဖြတ်။ မုဒိန်းစစ်တပ် အမြစ်ဖြတ်။ #အရေးတော်ပုံ_အောင်ရမည် https://t.co/Xh1sv2cvzM
စစ်အာဏာရှင်စနစ်ကို ဆန့်ကျင်ကြောင်း မန္တလေးမြို့လယ်ခေါင် (၃၅)လမ်းပေါ်မှာ သမဂ္ဂအလံနီ/အလံနက်တွေနဲ့ စုစည်းဆန္ဒဖော်ထုတ်ခဲ့ကြတဲ့ မန္တလေးမြို့အခြေစိုက် တက္ကသိုလ်ကျောင်းသားသမဂ္ဂများ(တကသများ) သပိတ်စစ်ကြောင်း။ #အရေးတော်ပုံ_အောင်ရမည် https://t.co/yWZSYvlJuz
သွေးမအေးတဲ့ မန္တ‌လေးပြည်သူလူထု၏ ပူးပေါင်းပါဝင်မှု https://t.co/9Tmq6pi1Lo
မန္တလေးမြို့လယ်ခေါင်မှ တက္ကသိုလ်ကျောင်းသားသမဂ္ဂများစစ်ကြောင်း၏ ကြွေးကြော်သံများ။ | သပိတ် သပိတ် မှောက် မှောက် | ဒီမိုကရေစီရရှိရေး | စစ်အာဏာရှင်စနစ်တိုက်ဖျက်ရေး | ဖက်ဒရယ်ပြည်ထောင်စုပေါ်ပေါက်ရေး | ဖမ်းဆီးခံရသူများလွှတ်ပေးရေး #အရေးတော်ပုံ_အောင်ရမည် https://t.co/aq3Mf1ANm1
ဟန်ပန်မရှိတဲ့ တက်ကြွသွက်လက်မှုတွေကို ကျွန်တော် အရမ်းသဘောကျတယ်။ @BarackObama @JoeBiden https://t.co/upD54r7Yey
မိတ် အမေရီကန်ဂရိတ် အဂိမ်း #အစေခံပညာရေး #စစ်ကျွန်ပညာရေး https://t.co/BijzqREW0F
မှတ်မိကြသေးရဲ့လား မေးစမ်းချင်သည်။
ကျွန်‌တော် သဘောကျတဲ့ News intro လေး #UnitedNews #1945AD #WWII https://t.co/ZpOLGsMqkS
| ၂၀၂၁ခုနှစ် ဖေဖော်ဝါရီလ(၉)ရက် မန္တလေးမြို့ (၃၈)လမ်းနှင့် (၇၈)လမ်းထောင့်တွင် မန္တလေးမြို့အခြေစိုက် တက္ကသိုလ်ကျောင်းသားသမဂ္ဂများစစ်ကြောင်းနှင့် ရဲတပ်ဖွဲ့တို့ ထိပ်တိုက်တိုးကြရာ မြို့ခံလူထုအများအပြား ရောက်ရှိလာပြီး ကျောင်းသားများကို ဤကဲ့သို့ ကာကွယ်ပေးခဲ့ကြသည်။ #အရေးတော်ပုံ_အောင်ရမည် https://t.co/CvxiE3UYSJ
ရတနာပုံတက္ကသိုလ်ကျောင်းသားများသမဂ္ဂ(ရ.တ.က.သ)က ထုတ်ဝေတဲ့ ခွပ်ဒေါင်းတွန်သံ စာစဉ် အတွဲ(၁)၊ အမှတ်(၇) ထွက်ပြီ။  PDF Link - https://t.co/ZKmETRjOf4  #ခွပ်ဒေါင်းတွန်သံ_မိုးသိုညံစေရမည် #အရေးတော်ပုံ_အောင်ရမည် https://t.co/zWNfcRZzGn
စိတ်ဖိစီးမှုတွေများပြီး စိတ်ဓာတ်ကျတဲ့ညဆို ဖုန်းအတူပြောလေ့ရှိတဲ့ ကျွန်တော့်ရဲ့ သူငယ်ချင်း (ရဲဘော်) @MyoHtetNaingLi1 ပြန်မလွတ်သေးဘူး။  #သတိရတယ်ဗျာ   #ခင်ဗျားအပါအဝင်_မတရားဖမ်းဆီးခံရသူတွေလွတ်ဖို့_ကျွန်တော်_အဆုံးထိ_တိုက်ပွဲဝင်မယ် #အရေးတော်ပုံ_အောင်ရမည် https://t.co/SKGbGaobrn
မန္တလေးမြို့အခြေစိုက် တက္ကသိုလ်ကျောင်းသားသမဂ္ဂများ၏ ထုတ်ပြန်ကြေညာချက် နွေဦးတော်လှန်ရေးကဏ္ဍအသီးသီးတွင် ပူးပေါင်းပါဝင်ကြရန် တိုက်တွန်းနှိုးဆော်ခြင်း" | ၂၀၂၁ခုနှစ် ဇွန်လ(၁၄)ရက် https://t.co/DOhZnCNnMo
ကျောင်းတက်ချင်တဲ့ ကျောင်းသားတွေကိုရော ကျောင်းထားချင်တဲ့ မိဘတွေကိုရော အံ့ဩတယ်။   သူတို့က စေတနာရှိလွန်းလို့ ကျောင်းဖွင့်ပေးတာ မဟုတ်ဘူးနော်။ သူတို့ယန္တရားလည်ပတ်ကြောင်း ပြချင်လို့ ကိုဗစ်ကာလမှာ ကျောင်းသားတွေကို အသုံးချနေတာ။   ဒါကိုမှ ပူးပေါင်းတဲ့ မိဘတွေတော့ ခင်ဗျားတို့ သမိုင်းပဲ။ https://t.co/0ISazsefnK	I am amazed at both the students who want to go to school and the parents who want to keep the school. They are too generous to open a school. They are using students during covid to show that their system works. Parents who cooperate with this, you are history. https://t.co/0ISazsefnK
| မှတ်မိကြသေးရဲ့လား မေးစမ်းချင်သည် | ၂၀၂၁ခုနှစ် ဖေဖော်ဝါရီလ(၂၈)ရက် | မနော်ဟရီလမ်းနှင့် ၆၂လမ်းထောင့်တွင် ပြုလုပ်သော မန္တလေးမြို့ သပိတ်တပ်ပေါင်းစုံ အထွေထွေထိုင်သပိတ်ကြီး။ #အရေးတော်ပုံ_အောင်ရမည် https://t.co/GU48AGmsCR	| I want to ask if you still remember February 28, 2021 | A general sit-in strike by all strike forces in Mandalay at the corner of Manawhari Road and 62nd Street. #ป้วัยตั่_สุวั่ https://t.co/GU48AGmsCR
သုံးမရတဲ့ ဖက်ဆစ်စစ်အာဏာရှင်လောကကို ပြာကျအောင် ရှို့မယ့် မီးတုတ်ကြီးနဲ့တကွ   ဒီနေ့ မန္တလေးမြို့အခြေစိုက် တက္ကသိုလ်‌ကျောင်းသားသမဂ္ဂများ သပိတ်စစ်ကြောင်းဟာ မန္တလေးမြို့လမ်းမများထက်မှာ "#သပိတ်စုံ_သူပုန်ထ"ကြွေးကြော်သံများဖြင့် ကြွေးကြော်ဆန္ဒထုတ်ဖော်ခဲ့ကြပါသည်။  #အရေးတော်ပုံ_အောင်ရမည် https://t.co/tB4fuLqfvQ	Today, along with a big torch that will burn down the useless fascist military dictatorship, the strike line of university students' unions based in Mandalay marched through the streets of Mandalay, chanting "#strike_insurgency". #ชี่วัย_ตั่ม่ https://t.co/tB4fuLqfvQ
#သပိတ်_သပိတ် #မှောက်_မှောက် #မီးတုတ်_မီးတုတ် #ရှို့_ရှို့ #သူပုန်_သူပုန် #ထ_ထ  #သုံးမရတဲ့_ဖက်ဆစ်စစ်အာဏာရှင်စနစ်ကို #ပြည်သူ့အားနဲ့_ဖျက်သိမ်းကြ #အရေးတော်ပုံ_အောင်ရမည် https://t.co/sRFXU4VJJi	#ที่_ที่ #ที่_ที่มี่ #ที่_ที่ที่ #ที่_ที่ #ที่_ที่ #ที_ที #Unusable_Fascist dictatorship system #dismantle_with_the_people's_power #We_must_victory https://t.co/sRFXU4VJJi
@AungKthee လူခွဲတော့ တကသစစ်‌ကြောင်းက နောက်ဆုံးကျန်ခဲ့တာ။ လာဖြိုတော့ ကျွန်တော်တို့ကို "ဈ" မွတ်စလင်ရပ်ကွက်က မာမူကြီးတွေက အကုန်ထွက်လာပြီး ကာကွယ်ပေးခဲ့ကြတာ။	@AungKthee is the last one left after the split. When it came down, all the Mamu elders from "i" Muslim neighborhood came out and protected us.
ဖက်ဆစ်စစ်တပ်နဲ့ လက်ပါးစေတွေ အရှက်ရော ရှိကြသေးရဲ့လားကွာ။  #ဖက်ဆစ်စစ်တပ်_အမြစ်ဖြတ် #MWD_MRTV_အလိုမရှိ https://t.co/VMZESE2U1I	The fascist army and the lackeys are still shameful. #கிக்கிஷ்கியுத்தி_முத்திக்கு #MWD_MRTV_புட்டுக்கு https://t.co/VMZESE2U1I
@2021Revtweets အရှက်ကို မရှိတာပါ။	@2021Revtweets No shame.
တပည့်တွေ............။ ဘာမဟုတ်တဲ့ ပုရွက်ဆိတ်နဲ့ နပန်းလုံးပြီး အသေမခံနဲ့ဦး။ ရှေ့မှာ ကျားနဲ့လုံးဖို့ ရှိသေးတယ် #ဆရာကြီးသခင်ကိုယ်တော်မှိုင်း https://t.co/MiQqDXqouS	Disciples............ Don't die wrestling with an ant that's nothing. There is still time to fight with the tiger ahead #คุ่ว่วิชิชียลับ https://t.co/MiQqDXqouS
လွန်ခဲ့တဲ့ တစ်နှစ်‌ကျော်အကြာက အစိုးရကို ဖားချင်တာနဲ့ ကျောင်းသားလူငယ်တွေကို အထင်သေးစော်ကားပြီး ရေးခဲ့တဲ့ ကာတွန်းတစ်ကွက်။   အခု လူငယ်တွေက ခင်ဗျားတို့ မပြတ်သားခဲ့ကြတဲ့ တော်လှန်ရေးမှာ အသက်ပေးပြီး ဦးဆောင်နေကြပြီ။   ပုဆိုးခြုံထဲက ခင်ဗျားတို့ #လိပ်ပြာလုံနိုင်ပါစေ https://t.co/MoLfC8vRPX	More than a year ago, I wrote a cartoon that insulted the government and insulted young students. Now the youth are giving life and leading the revolution that you did not resolve. May you be safe in the blanket https://t.co/MoLfC8vRPX
ရတနာပုံတက္ကသိုလ် CDM ပြည်သူ့ဝန်ထမ်းများကို ထောက်ပံ့နိုင်ကြရန်အတွက် အများပြည်သူတို့၏ အကူအညီလိုအပ်ပါတယ်။   ဒါကြောင့် ကျောင်းသားသမဂ္ဂ(ရ.တ.က.သ) @ydnbusu မှာ CDM အလှူငွေထည့်ဝင်ကြပါစို့။  #CDMဝန်ထမ်းများအား_ဝန်းရံကြ #အရေးတော်ပုံ_အောင်ရမည် https://t.co/YXvIje8llM	In order to be able to support the CDM public employees of Yadanamap University, we need the public's help. So let's contribute CDM to the Student Union @ydnbusu. #CDM_employees_surround #the_event_must_win https://t.co/YXvIje8llM
#တကသ #BreakingNews  ယနေ့ မန္တလေးမြို့အခြေစိုက် တကသများသပိတ်စစ်ကြောင်း၏ ဆည်းဆာသပိတ် မစတင်မီ ဖက်ဆစ်စစ်ခွေးများ အလုံးအရင်းဖြင့် သပိတ်စုရပ်သို့ ရောက်လာသည့်အတွက် သပိတ်စစ်ကြောင်းအား ရပ်နားခဲ့ရပါသည်။  #ဖက်ဆစ်စစ်တပ်_အမြစ်ဖြတ် #အရေးတော်ပုံ_အောင်ရမည်	#துகாத்த #BreakingNews Today, before the start of the twilight strike of the Mandalay-based Takatha strike column, the strike column had to be stopped because a horde of fascist war dogs arrived at the strike site. #கின்ஷித்துக்கு_முட்டுக்கு #சிர்துப்பியு_குகை
မိုးတွေရွာနေပေမယ့် မန္တလေးမြို့လမ်းမကြီးတွေထက်မှာ ကျောင်းသားပြည်သူ စုစည်းပြီး ဆန္ဒထုတ်ဖော်ခဲ့ကြတဲ့ မန္တလေးမြို့အခြေစိုက် တကသများစစ်ကြောင်း။  #သွေး‌မအေးကြနဲ့_ပြည်သူတွေ #တကသနဲ့_ပူးပေါင်းကြ  #ဖက်ဆစ်စစ်တပ်_အမြစ်ဖြတ် #အရေးတော်ပုံ_အောင်ရမည် https://t.co/bKzrIJC5Hi	Although it was raining, the Takatha column based in Mandalay where students gathered and protested on the main streets of Mandalay. #这是是非诞_people #join_together #facsimile_army_root_cut #更電集_aungất https://t.co/bKzrIJC5Hi
တို့ခေတ်ကိုတော့ ရောက်ရမည်မှာ မလွဲပါ။ #အရေးတော်ပုံ_အောင်ရမည် https://t.co/sV0U2f8SYb	We must come to our era. #ชี่ชัย_ตั่วิว https://t.co/sV0U2f8SYb
စစ်ခွေးတွေ မြို့အနှံ့အင်အားအပြည့် လှည့်နေပေမယ့် မန္တလေးမြို့အခြေစိုက် တက္ကသိုလ်ကျောင်းသားသမဂ္ဂများ သပိတ်စစ်ကြောင်းသည် ပန်းသပိတ်ပြုလုပ်၍ မန္တလေးမြို့လယ်ခေါင်လမ်းမများ‌ပေါ်တွင် စုစည်းချီတက် ဆန္ဒထုတ်ဖော်ခဲ့ကြသည်။  #ကြောက်ခေတ်ကို_မှောက်ပစ်ကြ  #FreedomFromFear   #အရေးတော်ပုံ_အောင်ရမည် https://t.co/vHNQUMbn68	Even though the military dogs are roaming around the city in full force, the strike column of university student unions based in Mandalay staged a flower strike and gathered and marched on the streets of Mandalay. #สัววิต้ายตัต_ที่มี่มี่ #FreedomFromFear #ป้วัยต้า_วั่ว่ https://t.co/vHNQUMbn68
ကျွန်တော် ဒီနေ့ကစပြီး Twitter ပြန်သုံးပါမယ် မိတ်ဆွေများခင်ဗျာ။	I will start using Twitter again from today, my friends.
နွေဦးအောင်ပွဲ  ရတနာပုံတက္ကသိုလ်ကျောင်းသားများသမဂ္ဂ  (ရ.တ.က.သ)၏ မူပိုင်သီချင်း  https://t.co/g6jBy5Kl1O	Spring Victory is the copyright song of Yadanapap University Students' Union (RATA) https://t.co/g6jBy5Kl1O
နွေဦးတော်လှန်ရေးကာလအတွင်းက ဆဲဗင်းဂျူလိုင် မှတ်တမ်းဗီဒီယို #7July #SpringRevolution https://t.co/YnsZBrrizy	Seventh July documentary video during the Spring Revolution #7July #SpringRevolution https://t.co/YnsZBrrizy
အရင်က တပ်ဦးမှာ အတူတူ။ အခုတော့ ကျန်းမာရေးကြောင့် ရဲဘော်များလည်း တကွဲတပြားစီကို ဖြစ်လို့။ #တပ်ဦးမှာ_ပြန်ဆုံကြမယ်_ရဲဘော်တို့ https://t.co/kv5afRQpSM	They were in the same army before. Now, because of health reasons, the comrades are separated. #ค้วิติต้า_ตั่วิต้าย_ตั่มเติม https://t.co/kv5afRQpSM
သွေးကြွေးမှာ ဆွေးနွေးစရာမရှိ #July17_2021 #တကသ #မန္တလေး https://t.co/f7YJBuJYYQ	There is nothing to discuss about blood debt #July17_2021 #บับล #ป้าวิ https://t.co/f7YJBuJYYQ
ဆယ့်ကိုးဇူလိုင် မမေ့နိုင် အာဇာနည်နေ့ အလေးပြုအခမ်းအနား #နွေဦးတော်လှန်ရေး #အာဇာနည်နေ့ #July19_2021 #တကသ #မန္တလေး https://t.co/KIoVCEuvXK	19th July Unforgettable Martyrs' Day Salute Ceremony #赴滑电影 #ไทยจันที่ #July19_2021 #บชัว #บัวยิ https://t.co/KIoVCEuvXK
ကမ္ဘာမကြေဘူး "၇.၇.၆၂ မမေ့ကြနဲ့" ဆဲဗင်းဂျူလိုင် အရေးတော်ပုံ #နွေဦးတော်လှန်ရေး #ဆဲဗင်းဂျူလိုင် #July7_2021 #တကသ #မန္တလေး https://t.co/Ax5szIIsLA	Don't let the world collapse "7.7.62 don't forget" Savin July Uprising #Spring Revolution #이민오운디 #July7_2021 #이나 #래무 https://t.co/Ax5szIIsLA
ဆယ့်ကိုးဇူလိုင် မမေ့နိုင် အာဇာနည်နေ့ အလေးပြုအခမ်းအနား #နွေဦးတော်လှန်ရေး #အာဇာနည်နေ့ #July19_2021 #တကသ #မန္တလေး https://t.co/5FKeDHClaa	19th July Unforgettable Martyr's Day Salute Ceremony #ชั้ววัยด้า #แทย่าวี่ #July19_2021 #บับ #ป้าย https://t.co/5FKeDHClaa
ဟင် .... ငါက PDF ကလား 😁 https://t.co/7siPGhq8oE	Hmm.... I'm from PDF 😁 https://t.co/7siPGhq8oE
Keypad သုံးရင် PDF ဆိုလို့ပါဗျာ 😄	If you use the keypad, it's PDF 😄
မှတ်မိကြသေးရဲ့လား မေးစမ်းချင်သည်။ - ၂၀၂၁ခုနှစ် ဖေဖော်ဝါရီလ(၄)ရက်၊ မနက်(၉)နာရီ  ရတနာပုံတက္ကသိုလ်အတွင်း စစ်အာဏာသိမ်းဆန့်ကျင်မှု (၆)လပြည့်ပြီ။ https://t.co/JXrJJi1uSf	I want to ask if you still remember. - February 4, 2021 9:00 a.m. It's been 6 months since the anti-coup in Yadanapa University. https://t.co/JXrJJi1uSf
ဘဝမှာ ထမင်းကို ဟင်းအထွေအထူးမပါဘဲ ငါးပိရည်၊ တို့စရာနဲ့ မြိန်‌ရည်ရှက်ရည် စားဖူးတာ ဒါ ပထမဆုံးပဲ။   အစည်းအဝေးတက်နေရင်း စားလိုက်တာ ထမင်း‌တောင် (၃)ဇလုံ ကုန်သွားတယ်ဗျာ။  ယူလာပေးတဲ့ အမကြီး ကျေးဇူးအထူးပါဗျို့။  #ထက်မြတ်အောင် https://t.co/E91blNeHqh	In life, rice is served with fish paste without special dishes. It's the first time I've ever eaten a sweet and sour dish. I ate while attending the meeting. I finished 3 bowls of rice. Thank you very much for bringing it. #ที่วิตั่ https://t.co/E91blNeHqh
စစ်ခွေးသွေးနဲ့ ခြေဆေးမယ်ဟေ့ "ဖက်ဆစ်စစ်တပ် အမြစ်ဖြတ်"  ယနေ့ မန္တလေးမြို့အခြေစိုက် တက္ကသိုလ်ကျောင်းသားသမဂ္ဂများ (တကသများ)သည် စစ်ခွေးများ ကင်းပတ်‌နေသော မန္တလေးမြို့လမ်းမကြီးများထက်တွင် ကျောင်းသားပြည်သူစုစည်း၍ ဆက်လက်ဆန္ဒထုတ်ဖော်ခဲ့ကြသည်။  #အရေးတော်ပုံ_အောင်ရမည် https://t.co/1tw3K9s0wd	I will wash my feet with the blood of war dogs Hey, "root the fascist army" Today, Mandalay-based university student unions (Takas) continued to protest by gathering students on the streets of Mandalay, which were patrolled by war dogs. #ชี่ชัย_ตั่วิ่ https://t.co/1tw3K9s0wd
စစ်ခွေးသွေးနဲ့ ခြေဆေးမယ်ဟေ့ "ဖက်ဆစ်စစ်တပ် အမြစ်ဖြတ်"  ယနေ့ မန္တလေးမြို့အခြေစိုက် တက္ကသိုလ်ကျောင်းသားသမဂ္ဂများ (တကသများ)သည် စစ်ခွေးများ ကင်းပတ်‌နေသော မန္တလေးမြို့လမ်းမကြီးများထက်တွင် ကျောင်းသားပြည်သူစုစည်း၍ ဆက်လက်ဆန္ဒထုတ်ဖော်ခဲ့ကြသည်။  #အရေးတော်ပုံ_အောင်ရမည် https://t.co/JuEFCH2smI	I will wash my feet with the blood of war dogs Hey, "root the fascist army" Today, Mandalay-based university student unions (Takas) continued to protest by gathering students on the streets of Mandalay, which were patrolled by war dogs. #ชี่ชับ_ตั่วิว https://t.co/JuEFCH2smI
“၈၈ က သွေးကြွေးဟောင်း ၂၁ မှာအပြီးတောင်း" လှုပ်ရှားမှု🔥  လက်ရှစ်ချောင်း သပိတ် (8 Fingers Strike) အနီရောင် လှုပ်ရှားမှု (Red Campaign)🔴  #8888MemoirStrike #RedCampaign #8FingersStrike #၈၈ကသွေးကြွေးဟောင်း_၂၁မှာအပြီးတောင်း #အရေးတော်ပုံ_အောင်ရမည် https://t.co/Ja46HjPoYH	"88 wants to settle the old blood debt at 21" campaign🔥 Eight Fingers Strike (8 Fingers Strike) Red Campaign (Red Campaign)🔴 #8888MemoirStrike #RedCampaign #8FingersStrike #88 is demanding the old blood debt be settled at 21 #ชีะคั่ย_คัวย์ https://t.co/Ja46HjPoYH
#ကမ္ဘာမကြေဘူး #သမိုင်းတစ်ခေတ်_တို့ဖွင့်လှစ်_ရှစ်ရက်_ရှစ်လ_ရှစ်ဆယ့်ရှစ် #၈၈ကသွေးကြွေးဟောင်း_၂၁မှာအပြီးတောင်း https://t.co/EFNiMm2EkK	#문문대지뻨 #History of one era_to open_eight days_eight months_eighty-eight #88 is asking for an old blood debt to be settled at 21 https://t.co/EFNiMm2EkK
#၈၈ကသွေးကြွေးဟောင်း_၂၁မှာအပြီးတောင်း  #သမိုင်းတစ်ခေတ်_တို့ဖွင့်လှစ်_ရှစ်ရက်_ရှစ်လ_ရှစ်ဆယ့်ရှစ်   #RedCampaign  #8FingersStrike  #အရေးတော်ပုံ_အောင်ရမည် https://t.co/dvk0buMjTO	#88 is asking for the end of the old blood debt at 21 #HistoryOneTime_Opened_Eight_Day_Eight_Month_Eighty-Eight #RedCampaign #8FingersStrike #ชียลับต้า_คั่ม https://t.co/dvk0buMjTO
စေတနာသန့်သန့်နဲ့ ချပေးလိုက်တဲ့ မျိုးစေ့က အပင်ပေါက်လာတဲ့အခါ ကိုယ့်ကို သစ္စာဖောက်လိမ့်မယ်လို့ ဘယ်တုန်းကမှ မတွေးခဲ့ဖူးဘူး။ မင်းတို့လမ်း မင်းတို့ဆက်လျှောက်ပေါ့။  နောင်များမှာတော့ ကန်တော့ပါစေပဲ။  #ထက်မြတ်အောင် (8/8/2021 - 3:00PM) https://t.co/YawLWMEOdl	I never thought that the seed that I planted with pure intention would betray me when it sprouted. You go on your way. In the future, don't kick. #พลั้ย่ายง (8/8/2021 - 3:00PM) https://t.co/YawLWMEOdl
ယနေ့  ၂၀၂၁ခုနှစ် ဩဂုတ်လ(၈)ရက်နေ့တွင် မန္တလေးမြို့အခြေစိုက် တက္ကသိုလ်ကျောင်းသားသမဂ္ဂများ(တကသများ)သပိတ်စစ်ကြောင်းဟာ  ကြွေးကြော်သံများဖြင့် ကျောင်းသားပြည်သူညီညွတ်စွာ ဆန္ဒထုတ်ဖော်ခဲ့ကြသည်။  #8FingersStrike #Aug8Coup  #WhatsHappeningInMyanmar https://t.co/mSEGMmeHW8	Today, on August 8, 2021, the Mandalay City-based University Student Unions (Takas) strike line raised slogans and protested in solidarity with the students. #8FingersStrike #Aug8Coup #WhatsHappeningInMyanmar https://t.co/mSEGMmeHW8
သမိုင်းသစ်လာ "၈"ဂဏန်းခြေ။ အရိုင်းတစ်ခေတ်ဟာ ညစ်နွမ်းနေ။  ဘယ်လိုဖြိုဖြို ဘယ်လိုဖျက်ဖျက် တို့သမဂ္ဂအမေက မပျောက်ဘူး။ အ‌ဆောက်အဦကိုသာ ဖြိုနိုင်တယ်။ မျိုးဆက်သစ် အုပ်ချပ်တွေကို မင်းတို့ လာဖြိုလို့ မရဘူး။  #သွေးကြွေးဆပ်မယ့်_မျိုးဆက်သစ် #ရှစ်ရက်_ရှစ်လ_နှစ်ဆယ့်တစ်  #အရေးတော်ပုံ_အောင်ရမည် https://t.co/Qubh37lSXu	New history "8" number feet. The barbarian era was dirty. No matter how it is destroyed or destroyed, the mother of the union will not disappear. Only buildings can be demolished. You cannot destroy the new generation. #诗記交でもでですまででですますますますすます #eight days_eight months_twenty-one #海電证_Aung must be https://t.co/Qubh37lSXu
#၈၈ကသွေးကြွေးဟောင်း_၂၁မှာအပြီးတောင်း  #သမိုင်းတစ်ခေတ်_တို့ဖွင့်လှစ်_ရှစ်ရက်_ရှစ်လ_ရှစ်ဆယ့်ရှစ်   #8FingersStrike #Aug8Coup  #WhatsHappeningInMyanmar https://t.co/JcOxiHwwKz	#88更多这些来最介绍_21
ကျောင်းသားပြည်သူတို့အတွက် ရတနာပုံတက္ကသိုလ်က ကြားကာလပညာရေး လာပါပြီခင်ဗျာ။  "ကျွန်ုပ်တို့၏ ပညာရေးသည်  ဖက်ဒရယ်ဒီမိုကရေစီပညာရေး ဖြစ်ရမည်"  #အရေးတော်ပုံ_အောင်ရမည် #WhatsHappeningInMyanmar https://t.co/Pu4VsnLKcl	Yadanapa University Interim Education is here for the students. "Our education must be a federal democratic education" #ช้วัยตั้_วัววิ #WhatsHappeningInMyanmar https://t.co/Pu4VsnLKcl
#AcceptNUG #RejectSAC #WhatsHappeningInMyanmar https://t.co/ibJ5zsGBRT	#AcceptNUG #RejectSAC #WhatsHappeningInMyanmar https://t.co/ibJ5zsGBRT
သွေးအေးနေသူတွေ များနေသရွေ့၊ တို့လည်း တစ်နေ့ ........ ။ https://t.co/EwXhcPMjgb	As long as there are cold-blooded people, One day... https://t.co/EwXhcPMjgb
Goodwill is not worth for everyone. From today, I will not be kind to anyone in personal matters except the revolution. #Patheingyi_Mg_Thantsin	Goodwill is not worth for everyone. From today, I will not be kind to anyone in personal matters except the revolution. #Patheingyi_Mg_Thantsin
ယခုလာမယ့် ၂၀၂၁ခုနှစ် စက်တင်ဘာလလယ်မှာ ကျင်းပမယ့် ကမ္ဘာကုလသမဂ္ဂ အထွေထွေညီလာခံကြီး (UN General Assembly) မှာ စဉ်းစားဆုံးဖြတ်မယ့် "နိုင်ငံကိုယ်စားပြုခွင့် (Credential Issue)"။   ဝင်ကြည့်လိုက်ပါ https://t.co/m86DGyZuCH  #AcceptNUG #RejectSAC https://t.co/cDcPA3Te8b	The "Credential Issue" will be considered at the UN General Assembly to be held in mid-September 2021. Check it out https://t.co/m86DGyZuCH #AcceptNUG #RejectSAC https://t.co/cDcPA3Te8b
👉 Credential Challenge ဆိုတာ ဘာလဲ ? 👉 ကျွန်တော်တို့ ပန်းတိုင်က ဘာလဲ ? 👉 Credential Challenge ရဲ့ General Assembly လို့ခေါ်တဲ့ ကုလသမဂ္ဂ အထွေထွေညီလာခံ။ 👉 ကုလသမဂ္ဂမှာ အစိုးရအဖြစ် အသိအမှတ်အပြုခံရဖို့ ဘယ်လိုအချက်တွေ လိုအပ်နေလဲ ? https://t.co/nW9bJuU1by	👉 What is Credential Challenge? 👉 What is our goal? 👉 The United Nations General Assembly called the Credential Challenge's General Assembly. 👉 What factors are needed to be recognized as a government at the United Nations? https://t.co/nW9bJuU1by
📢 ကုလသမဂ္ဂမှာ အမျိုးသားညီညွတ်ရေးအစိုးရက အသိအမှတ်ပြုခံရခြင်း  👉 ဖြစ်နိုင်ခြေ (က) 👉 ဖြစ်နိုင်ခြေ (ခ) 👉 ဖြစ်နိုင်ခြေ (ဂ) 📢 တိုက်ပွဲကနေ ကျွန်တော်တို့ ဘာတွေ မျှော်လင့်သင့်လဲ။ https://t.co/63j1uUhade	📢 Recognition of the National Unity Government at the United Nations 👉 possibility (a) 👉 possibility (b) 👉 possibility (c) 📢 What should we expect from the fight? https://t.co/63j1uUhade
UNGA ရဲ့ Credential Challenge မှာ ပြည်သူတွေ ဘယ်လိုပါဝင်မလဲ။ https://t.co/3R7966R9q7	How can people participate in UNGA's Credential Challenge? https://t.co/3R7966R9q7
လူငယ်မုန်တိုင်းနဲ့ အာဏာတံတိုင်းကို ဖြိုချမယ်   ယနေ့ကျရောက်သော နိုင်ငံတကာလူငယ်များနေ့ အထိမ်းအမှတ်အဖြစ် မန္တလေးမြို့အခြေစိုက် တက္ကသိုလ်ကျောင်းသားသမဂ္ဂများ သပိတ်စစ်ကြောင်းက မန္တလေးမြို့လူထုနဲ့အတူ ကြွေးကြော်ချီတက် ဆန္ဒထုတ်ဖော်ခဲ့ကြပါတယ်။  #အရေးတော်ပုံ_အောင်ရမည် https://t.co/yoKmEIwwga	The youth storm and the wall of power will be demolished. To commemorate International Youth Day, Mandalay-based University Student Unions protested together with the people of Mandalay. #ชี่ชัย_ตั่วิ่ https://t.co/yoKmEIwwga
လူငယ်မုန်တိုင်းနဲ့ အာဏာတံတိုင်းကို ဖြိုချမယ်  ယနေ့ကျရောက်သော နိုင်ငံတကာလူငယ်များနေ့ အထိမ်းအမှတ်အဖြစ် မန္တလေးမြို့အခြေစိုက် တက္ကသိုလ်ကျောင်းသားသမဂ္ဂများ သပိတ်စစ်ကြောင်းက မန္တလေးမြို့လူထုနဲ့အတူ ကြွေးကြော်ချီတက် ဆန္ဒထုတ်ဖော်ခဲ့ကြပါတယ်။  #အရေးတော်ပုံ_အောင်ရမည် https://t.co/VJiYZKTsRc	The youth storm and the wall of power will be demolished. To commemorate International Youth Day, Mandalay-based University Student Unions protested together with the people of Mandalay. #ชี่วัย_ตั่ม่ https://t.co/VJiYZKTsRc
စစ်အာဏာရှင်ဆန့်ကျင်ရေးပြည်သူ့အင်အားစုများ ချိတ်ဆက်ညှိနှိုင်းရေးကော်မတီ (မန္တလေး)၏ ထုတ်ပြန်ကြေညာချက် - အင်္ဂလိပ်ဘာသာ https://t.co/aoUPMYQdqA	Statement of the Coordinating Committee of People's Forces Against Military Dictatorship (Mandalay) - English https://t.co/aoUPMYQdqA
စစ်အာဏာရှင်ဆန့်ကျင်ရေးပြည်သူ့အင်အားစုများ ချိတ်ဆက်ညှိနှိုင်းရေးကော်မတီ (မန္တလေး)၏ ထုတ်ပြန်ကြေညာချက် - ဂျပန်ဘာသာ https://t.co/uh409McF4s	Statement by the Coordinating Committee of People's Forces Against Military Dictatorship (Mandalay) - Japanese https://t.co/uh409McF4s
ယနေ့ ၂၀၂၁ခုနှစ် ဩဂုတ်လ(၁၄)ရက်‌နေ့တွင် ရတနာပုံတက္ကသိုလ် ယာယီတက္ကသိုလ်ကောင်စီနှင့် အမျိုးသားညီညွတ်ရေးအစိုးရ ပညာရေးဝန်ကြီးဌာနတို့ တွေ့ဆုံ၍   အနာဂတ် ဖက်ဒရယ်ပညာရေးဖော်ဆောင်ရေးနှင့် ရတနာပုံတက္ကသိုလ်၏ ကြားကာလ ပညာရေးကိစ္စရပ်များ ချပြဆွေးနွေးခဲ့ကြသည်။  #WhatsHappeningInMyanmar https://t.co/gcHpfGqXlg	Today, August 14, 2021, the temporary university council of Yadanapap University and the Ministry of Education of the National Unity Government met to discuss future federal education development and interim education issues of Yadanapap University. #WhatsHappeningInMyanmar https://t.co/gcHpfGqXlg
မဲစာရင်းမှားတယ်အကြောင်းပြပြီး အာဏာသိမ်းတဲ့ စစ်အုပ်စုက အောင်စာရင်းကိုတောင် မှန်အောင် မထုတ်ပြန်နိုင်ဘူး။  သစ္စာ‌ဖောက် လောက်ကောင်များရေ.......။ မဖြေလည်းအောင်၊ ဖြေလည်း အောင်‌နေတဲ့  စစ်ကျွန်ပညာရေးမှာ ပညာသင်နေကြတာ၊ တာဝန်ထမ်းနေကြတာ မရှက်ကြဘူးလား။  #ပြောင်းလဲချင်ရင်_ကျောင်းထဲမဝင်နဲ့ https://t.co/AlyEAjIMFr	The coup d'état on the pretext that the voter list was wrong could not even release the correct result list. A bunch of traitors........ Don't answer They are studying in military education, which is also successful. Aren't they ashamed of being on duty? #If you want to change, don't go to school https://t.co/AlyEAjIMFr
မန္တလေးမြို့က လက်ရှိအခြေအနေ။ @bbcburmese #Mandalay #WhatsHappeningInMyanmar https://t.co/iHNXpDmPAf	Current situation in Mandalay. @bbcburmese #Mandalay #WhatsHappeningInMyanmar https://t.co/iHNXpDmPAf
စစ်နည်းဗျူဟာ ဘယ်လိုသာလည်း စွဲကိုင်လက်နက် ဘယ်လိုထက်လည်း. ပြည်သူ့နှလုံး မသိမ်းကြုံးလျှင်. ပြည်သူ့ခွန်အား မကိုးစားလျှင်. ဓါးသွားလည်းကြွေ လှံလည်းခွေအံ့.  - နန္ဒိသေနပျို့    (၁၆.၈.၂၀၂၁)  #Aug16Coup  #WhatsHappeningInMyanmar  #AFCC_MDY #SangaSamagga https://t.co/kdT4OAorSL	Not only how the military strategy is, but also how the weapon is used. If the hearts of the people are not taken away. If you don't rely on people's strength. Blades and spears are amazing. - Nandi Thane (16.8.2021) #Aug16Coup #WhatsHappeningInMyanmar #AFCC_MDY #SangaSamagga https://t.co/kdT4OAorSL
ရတနာပုံတက္ကသိုလ် CDM ပြည်သူ့ဝန်ထမ်းများအတွက် ဇူလိုင်လထောက်ပံ့ငွေအသီးသီး ချီးမြှင့်လွှဲအပ်ပြီးကြောင်း ကြေညာခြင်း | ရက်စွဲ၊ ၂၀၂၁ခုနှစ် ဩဂုတ်လ(၁၆)ရက် #WhatsHappeningInMyanmar  #Aug16Coup #YDNBUC @ydnbusu https://t.co/G53PwqCAen	Announcing the awarding of July grants for CDM public employees of Yadanamap University date August 16, 2021 #WhatsHappeningInMyanmar #Aug16Coup #YDNBUC @ydnbusu https://t.co/G53PwqCAen
တောတောင်ရေမြားခြားတွင် စစ်ပညာသင်ယူရန် ရောက်ရှိနေကြသော တိုက်ပွဲဝင်ရဲဘော်များအတွက် ရည်ရွယ်၍ ဤစာကို ရတနာပုံတက္ကသိုလ် ပါမောက္ခချုပ်ထံသို့ ကုန်ထုတ်ဓာတုဗေဒ ဆရာမတစ်ဦးက ပေးပို့ပေးခဲ့တာ ဖြစ်ပါတယ်။ ပြန်လည်မျှဝေပေးလိုက်ပါတယ်ဗျ။  #Aug16Coup #WhatsHappeningInMyammar #YDNBUC #Rector @ydnbusu https://t.co/3WALVR56oa	This letter was sent by a manufacturing chemistry teacher to the rector of Yadanapa University for the purpose of combating comrades who are coming to learn military education in the many forests and mountains. Share it again. #Aug16Coup #WhatsHappeningInMyammar #YDNBUC #Rector @ydnbusu https://t.co/3WALVR56oa
https://t.co/hs2SRr68BU	https://t.co/hs2SRr68BU
ရတနာပုံတက္ကသိုလ် (ယာယီတက္ကသိုလ်ကောင်စီ) | ကြေညာချက်(၁၄/၂၀၂၁) | ရတနာပုံတက္ကသိုလ် CDM ပြည်သူ့ဝန်ထမ်းများအတွက်    ဇူလိုင်လထောက်ပံ့ငွေအသီးသီး ချီးမြှင့်လွှဲအပ်ပြီးကြောင်း    ကြေညာခြင်း | ရက်စွဲ၊ ၂၀၂၁ခုနှစ် ဩဂုတ်လ(၁၆)ရက် #Aug16Coup #WhatsHappeningInMyanmar https://t.co/XwKdbAS62M	Yadanap University (Provisional University Council) | Statement (14/2021) | Announcing the awarding of July grants for CDM public employees of Yadanamap University date August 16, 2021 #Aug16Coup #WhatsHappeningInMyanmar https://t.co/XwKdbAS62M
Scout ချ၍ ကော်ဖီသောက်ကြသူများ ...🧋 #Aug16_2021 #Mandalay #MilkTeaAlliance https://t.co/Z5ThwKycI6	Scout and those who drink coffee...🧋 #Aug16_2021 #Mandalay #MilkTeaAlliance https://t.co/Z5ThwKycI6
| ရတနာပုံတက္ကသိုလ် ယာယီတက္ကသိုလ်ကောင်စီ ရတနာပုံတက္ကသိုလ် ကြားကာလပညာရေး  စတင်သင်ကြားဖွင့်လှစ်သည့် စာသင်တန်းသို့  ပေးပို့သော ဝမ်းမြောက်ကြောင်း သဝဏ်လွှာ။ ◾၂၀၂၁ခုနှစ် ဩဂုတ်လ(၁၇)ရက် https://t.co/7rG2BDDOt2	| Congratulatory message sent by Yadanap University Provisional University Council to Yadanap University Interim Education Course. ◾August 17, 2021 https://t.co/7rG2BDDOt2
ရတနာပုံတက္ကသိုလ် ယာယီတက္ကသိုလ်ကောင်စီ၊ ချက်(စ်)သမ္မတနိုင်ငံနှင့် စလိုဗားကီးယားနိုင်ငံတို့က ပူးပေါင်းဖွင့်လှစ်သည့် ပထမဆုံး ရတနာပုံတက္ကသိုလ် ကြားကာလပညာရေးသင်တန်းကို ယနေ့‌ မွန်းလွဲ(၁)နာရီမှာ စတင်ဖွင့်လှစ်လိုက်ပါတယ်။ @ydnbusu #WhatsHappeningInMyanmar #YadanabonUniversity https://t.co/LRC0UsVFrj	Temporary University Council of Yadanapai University The first Yadanapap University Interim Education Course, jointly opened by the Czech Republic and Slovakia, started today at 1:00 p.m. @ydnbusu #WhatsHappeningInMyanmar #YadanabonUniversity https://t.co/LRC0UsVFrj
တော်လှန်ရေး ရပ်တန့်မသွားချင်ရင် CDM နဲ့ PDF ကို လှူကြပါ။ မြေပြင်သပိတ်မှောက်လူငယ်တွေကို ဝန်းရံပံ့ပိုးကြပါ။ NUG ကို ထောက်ခံကြပါ။ သွေးမအေးဘဲ ဆက်လက်တိုက်ပွဲဝင်ကြပါ  #စစ်အာဏာရှင်စနစ်_မုချကျဆုံးရမည်  #အရေးတော်ပုံ_အောင်ရမည်   #Video - Simulation #Aug17Coup  #WhatsHappeningInMyanmar https://t.co/7XbJZkonL0	Donate CDM and PDF if you don't want the revolution to stop. Surround and support the youth of the ground strike. Please support NUG. Let's continue to fight without cold blood #스트화이전이_이지이이이이 #이현이_인이이 #Video - Simulation #Aug17Coup #WhatsHappeningInMyanmar https://t.co/7XbJZkonL0
မန္တလေးမြို့ကို မတရားအမိန့်များထုတ်၍ တင်းတင်းကြပ်ကြပ် ချုပ်ကိုင်ထားသော်လည်း မြို့လယ်ခေါင်တက်ပြီး ဆန္ဒထုတ်ဖော်ခဲ့တဲ့ မန္တလေးမြို့အခြေစိုက် တက္ကသိုလ်ကျောင်းသားသမဂ္ဂများ သပိတ်စစ်ကြောင်း။  #Aug17Coup  #WhatsHappeningInMyanmar  #AFCC_MDY #MDY_SUs https://t.co/CW1kbxgxGq	A strike column of university student unions based in Mandalay, who went to the center of the city and protested despite the arbitrary orders issued and tight control of Mandalay. #Aug17Coup #WhatsHappeningInMyanmar #AFCC_MDY #MDY_SUs https://t.co/CW1kbxgxGq
ပြည်သူ့အတွက် ပီဒီအက်ဖ် https://t.co/hRO6ljeete	PDF for the public https://t.co/hRO6ljeete
ယနေ့ ၂၀၂၁ခုနှစ် ဇူလိုင်လ(၂၀)ရက်နေ့တွင်  မန္တလေးမြို့အခြေစိုက် တက္ကသိုလ်ကျောင်းသားသမဂ္ဂများ သပိတ်စစ်ကြောင်းဟာ   "ကပ်ကိုလည်း ကျော်၊ တပ်ကိုလည်း ဆော်"ဟု ကြွေးကြော်၍ ချီတက်ဆန္ဒထုတ်ဖော်ခဲ့ကြသည်။ #MDY_SUs #Aug20Coup  #WhatsHappeningInMyanmar https://t.co/vYmYDusM37	Today, on July 20, 2021, the Mandalay City-based University Student Unions' strike line marched and protested, chanting "Overcoming the Army, Calling for the Army." #MDY_SUs #Aug20Coup #WhatsHappeningInMyanmar https://t.co/vYmYDusM37
ယနေ့ မန္တလေးမြို့အခြေစိုက် တက္ကသိုလ်ကျောင်းသားသမဂ္ဂများ သပိတ်စစ်ကြောင်းသည် အာဏာသိမ်းစစ်ကောင်စီ၏ လက်ပါးစေများ လှည့်ပတ်နေသော မန္တလေးမြို့ လမ်းမများပေါ်တွင် စုစည်းချီတက် ဆန္ဒထုတ်ဖော်ခဲ့ကြသည်။ #MDY_SUs #Mandalay #WhatsHappeningInMyanmar https://t.co/5qp3bUjek6	Today, the Mandalay-based university student union strike line gathered and protested on the streets of Mandalay, where the henchmen of the military coup d'état were roaming around. #MDY_SUs #Mandalay #WhatsHappeningInMyanmar https://t.co/5qp3bUjek6
ရတနာပုံတက္ကသိုလ် CDM ကျောင်းသူကျောင်းသားများသို့ မေတ္တာရပ်ခံချက်  (၂၀၂၁ခုနှစ် ဩဂုတ်လ ၂၆ရက်)  ဆက်သွယ်ပေးပို့ပါရန် YDNBUSU Email -  ydnbusu@gmail.com   Social Media - https://t.co/Y2tVDB48aE, https://t.co/x3Ly0YhjWS https://t.co/aSsQeJl0DP	Request to Yadanamap University CDM Students (August 26, 2021) Contact YDNBUSU Email - ydnbusu@gmail.com Social Media - https://t.co/Y2tVDB48aE, https://t.co/x3Ly0YhjWS https://t.co/aSsQeJl0DP
အိမ်ကြက်ချင်း အိုးမဲသုတ်လို့ တို့ကိုခွပ်ခိုင်း၊ ရိုင်းလိုက်တဲ့ အကြံပေ။ https://t.co/ZHwklciguB	I asked them to clean the pots and pans of the house. Wild idea. https://t.co/ZHwklciguB
အာဏာသိမ်းစစ်ကောင်စီအား မန္တ‌လေးမြို့လယ်ခေါင်တွင်  သပိတ်မှောက်ဆန့်ကျင်နေဆဲဖြစ်သည့် မန္တလေးမြို့အခြေစိုက် တက္ကသိုလ်ကျောင်းသားသမဂ္ဂ (တကသ)များ သပိတ်စစ်ကြောင်း။  #အရေးတော်ပုံ_အောင်ရမည် https://t.co/wCaolWhI9U	The strike line of Mandalay-based University Student Unions (TUSUs), who are still on strike against the coup military council, in the center of Mandalay. #ชี่ชัย_ตั่วิว https://t.co/wCaolWhI9U
အာဏာသိမ်းစစ်ကောင်စီအား မန္တ‌လေးမြို့လယ်ခေါင်တွင်  သပိတ်မှောက်ဆန့်ကျင်နေဆဲဖြစ်သည့် မန္တလေးမြို့အခြေစိုက် တက္ကသိုလ်ကျောင်းသားသမဂ္ဂ (တကသ)များ သပိတ်စစ်ကြောင်း။  #အရေးတော်ပုံ_အောင်ရမည် https://t.co/MCTcz1aqJe	The strike line of Mandalay-based University Student Unions (TUSUs), who are still on strike against the coup military council, in the center of Mandalay. #ชี่วัย_ตั่วิ่ https://t.co/MCTcz1aqJe
လမ်းမပေါ်မှာ သပိတ်မှောက်ထွက်နေတာဟာ UN က မဟုတ်ဘူး။ အပစ်ခံရသူတွေ၊ ဒဏ်ရာရသူတွေ၊ အဖြိုခံရသူတွေကို ကယ်ပေးနေတာ R2P က မဟုတ်ဘူး။ အနာဂတ် ကျောင်းသားတွေ၊ လူငယ်တွေချည်းပဲ။  ခင်ဗျားတို့ကို ဒီလူ‌ငယ်တွေကပဲ ကယ်နိုင်မှာ။  UN က လာမကယ်ဘူး။  ဘယ်နတ်၊ ဘယ်ဘုရားကမှ လာမကယ်ဘူး။  #ထက်မြတ်အောင် https://t.co/qh04SA1fPr	It is not the UN that is striking in the streets. Those who were shot the injured R2P is not saving the victims. future students Only young people. Only these young people can save you. The UN did not come to the rescue. Which spirit No god came to save me. #สิวิตั้น https://t.co/qh04SA1fPr
သပိတ်တိုက်ပွဲဦးဆောင်အဖွဲ့မှသည် "တော်လှန်ရေးဦးဆောင်ကော်မတီ"သို့ ချီတက်။  #ရတနာပုံတက္ကသိုလ်ကျောင်းသားများသမဂ္ဂ  #ဖက်ဆစ်စစ်တပ်_အမြစ်ဖြတ်။ #အရေးတော်ပုံ_မုချအောင်ရမည်။ https://t.co/OnwgQbc5lL	From the strike leadership group to the "Revolutionary Steering Committee". #Yadanarọp University Students Union #Fascist army_rooted. #คลัยไทย_สัววั่ม่ https://t.co/OnwgQbc5lL
ငါ့သားသမီးတွေ နေမှ ကောင်းကြရဲ့လား မသိ။ မတွေ့ရတာ (၆)လကျော်ပြီ။ ပြန်တွေ့ရင် မှတ်မိပါတော့မလားတောင် မသိဘူး။ (Facebook My Day ကနေ ပြန်ယူလာတာ) https://t.co/3hT3t0yPF2	I don't know if my children are doing well. I haven't seen you for more than 6 months. I don't even know if I will remember if I meet again. (Retrieved from Facebook My Day) https://t.co/3hT3t0yPF2
ယနေ့ ၂၀၂၁ခုနှစ် ဩဂုတ်လ(၃၁)ရက်နေ့ ညနေတွင် မန္တလေးမြို့ မနော်ဟရီလမ်းအနီး ချီတက်ဆန္ဒထုတ်ဖော်ခဲ့ကြသည့် မန္တလေးမြို့အခြေစိုက် တက္ကသိုလ်ကျောင်းသားသမဂ္ဂ (တကသ)များ သပိတ်စစ်ကြောင်း။  #အရေးတော်ပုံ_အောင်ရမည် https://t.co/tSEBQBUsAJ	Today, August 31, 2021 (August 31st), 2021, the strike column of Mandalay-based University Student Unions (TUSUs) protested near Manawhari Road in Mandalay. #ชี่ชัย_ตั่วิ่ https://t.co/tSEBQBUsAJ
စစ်အာဏာသိမ်းမှု (၇)လပြည့်သွားခဲ့ပြီ။ #ထက်မြတ်အောင် https://t.co/zcu1OA4d48	It has been 7 months since the military coup. #สัวลั่ม https://t.co/zcu1OA4d48
စစ်ကျွန်ပညာရေးယန္တရား၏ စာမေးပွဲအောင်စာရင်း ထုတ်ပြန်ခြင်းနှင့် ပတ်သက်၍ သဘောထားထုတ်ပြန်ကြေညာချက် https://t.co/LAZ3pquve0	Statement of opinion regarding the release of the exam results of the military education system https://t.co/LAZ3pquve0
လုပ်ငန်းကနေ လစာပဲရရ၊ ချဲပဲ ပေါက်ပေါက် CDM နဲ့ PDF ကို လှူကြဖို့ မမေ့နဲ့နော်။  ရတနာပုံတက္ကသိုလ် CDM ဝန်ထမ်းများအတွက် "ပြည်သူဖေးကူ (၃၀၀၀)လှူ"မှာ လှူကြဦးစို့။  လှူဒါန်းရန် - https://t.co/4AIMv107mF https://t.co/xpSBXy5ra5	Just get a salary from the business, Don't forget to donate the Popcorn CDM and PDF. Let's donate to the "People's Help (3,000) Donation" for CDM employees of Yadanamap University. Donate - https://t.co/4AIMv107mF https://t.co/xpSBXy5ra5
ကျွန်တော့်အဓိဋ္ဌာန် https://t.co/qrDLVAj7tV	My motto https://t.co/qrDLVAj7tV
| ၂၀၂၁ခုနှစ် ဧပြီလ(၁၂)ရက် "လုံးဝအုပ်ချုပ်ခွင့် မရစေရ"ဆိုတဲ့ စကားရပ်ကို  Online ကနေ လှုံ့ဆော်ခဲ့ကြပြီးနောက် အဲ့ဒီနေ့မှာ ကြွေးကြော်သံအဖြစ် မန္တလေးပြည်သူများရဲ့ နားထဲရောက်အောင် ပထမဦးဆုံး မိတ်ဆက်ပေးခဲ့တဲ့နေ့။  #လုံးဝအုပ်ချုပ်ခွင့်မရစေရ #အရေးတော်ပုံ_အောင်ရမည် https://t.co/4HZfOs2ist	| April 12, 2021 (12th) The phrase "no absolute rule" was first introduced to the ears of the people of Mandalay as a slogan on that day, after they were inspired online. #ที่ที่วิที่ชียมี่ละ #บัวปั่ว_ต้าวิ่ https://t.co/4HZfOs2ist
၂၀၂၁ခုနှစ် စက်တင်ဘာလ(၅)ရက်နေ့တွင် မြို့လယ်ခေါင် မန္တလေးတက္ကသိုလ်အနီး "အာဏာသိမ်းစစ်ကောင်စီ အလိုမရှိ"ဟု ကြွေးကြော်ဆန္ဒထုတ်ဖော်ခဲ့ကြသည့် မန္တလေးမြို့အခြေစိုက် တက္ကသိုလ်ကျောင်းသားသမဂ္ဂ (တကသ)များ သပိတ်စစ်ကြောင်း။  #တော်လှန်ရေးကို_ဆက်လျှောက်_ဆက်လျှောက် #အိမ်စောင့်ခွေးတွေ_GetOut_GetOut https://t.co/qNSfBSRN5l	On September 5, 2021, near Mandalay University in the center of the city, a picket line of Mandalay-based University Student Unions (TUSUs) protested, shouting, "We don't want a coup d'état military council." #气广さる_Next to go_Next to go #Housekeeperdogs_GetOut_GetOut https://t.co/qNSfBSRN5l
၂၀၂၁ခုနှစ် စက်တင်ဘာလ(၅)ရက်နေ့တွင် မြို့လယ်ခေါင် မန္တလေးတက္ကသိုလ်အနီး "အာဏာသိမ်းစစ်ကောင်စီ အလိုမရှိ"ဟု ကြွေးကြော်ဆန္ဒထုတ်ဖော်ခဲ့ကြသည့် မန္တလေးမြို့အခြေစိုက် တက္ကသိုလ်ကျောင်းသားသမဂ္ဂ (တကသ)များ သပိတ်စစ်ကြောင်း။  #တော်လှန်ရေးကို_ဆက်လျှောက်_ဆက်လျှောက် #အိမ်စောင့်ခွေးတွေ_GetOut_GetOut https://t.co/F2fCl9gVBC	On September 5, 2021, near Mandalay University in the center of the city, a picket line of Mandalay-based University Student Unions (TUSUs) protested, shouting, "We don't want a coup d'état military council." #气广さる_五时_五时 #Housekeeperdogs_GetOut_GetOut https://t.co/F2fCl9gVBC
ကျောင်းသားလူငယ်တွေရဲ့ အသံ။ https://t.co/jPAa5pDH8D	The voice of young students. https://t.co/jPAa5pDH8D
သမဂ္ဂအလံတော်အောက်မှ စုရုံးကြ။ ခွပ်ဒေါင်းစိတ်ဓာတ်နဲ့ တိုက်ပွဲဝင်ကြ။  #ပြည်သူ့တော်လှန်ရေး_မုချအောင်ရမည် #ဖက်ဆစ်စစ်တပ်_အမြစ်ပြတ်ရမည် #အရေးတော်ပုံ_အောင်ရမည် https://t.co/AlS2cLMLXm	Gather under the Union Flag. They fight with the spirit of the peacock. #ป้าวิดีย้า_วับวิต้า #ต้วิติชิชิต้า_ตั่วิว #บีวัยตั่_สุ่ว https://t.co/AlS2cLMLXm
မန္တလေးမြို့အခြေစိုက် တက္ကသိုလ်ကျောင်းသားသမဂ္ဂများ အရေးပေါ်ကြေညာချက် https://t.co/21oOjAOf2L	Mandalay city-based university student unions emergency announcement https://t.co/21oOjAOf2L
မန္တလေး၏ အထက်ဗမာပြည်စစ်ရုံးချုပ် (သို့မဟုတ်) ဖက်ဆစ်ကို ဗိုလ်မှူးဗထူးကိုယ်တိုင် စစ်ကြေညာခဲ့သည့်နေရာ  📌ဘုရားကြီးအနောက် (၄၅)တာရှိ ဗုဒ္ဓပြတိုက်  ⭐ ၁၉၄၅ခုနှစ် မတ်လ(၈)ရက် https://t.co/cHFnJmnj5q	Mandalay's military headquarters in Upper Burma (or the place where Major Ba Htoo himself declared war on the fascists) 📌Buddhist Museum in the west (45) of Pagoda ⭐ March 8, 1945 https://t.co/cHFnJmnj5q
| ရတနာပုံတက္ကသိုလ် ယာယီတက္ကသိုလ်ကောင်စီ | ကြေညာချက်အမှတ် (၁၆/၂၀၂၁)  ကြားကာလသင်ကြားရေးအစီအစဉ်များအား ယာယီရပ်နားသွားမည်ဖြစ်ကြောင်း အသိပေးကြေညာခြင်း။  | ရက်စွဲ၊ ၂၀၂၁ခုနှစ် စက်တင်ဘာလ (၇)ရက် https://t.co/NVZMRCclQl	| Temporary University Council of Yadanapap University Announcement No. (16/2021) Announcing the temporary suspension of interim teaching programs. | date September 7, 2021 https://t.co/NVZMRCclQl
NUG က စစ်တပ်ကို ရရာလက်နက်နဲ့ စွဲကိုင်တိုက်ပွဲဝင်ဖို့ ကြေညာပြီးတဲ့နောက်မှာပဲ မန္တလေးမြို့အခြေစိုက် တက္ကသိုလ်ကျောင်းသားသမဂ္ဂ (တကသ)များ (၁၉)ဖွဲ့ကလည်း တော်လှန်ရေးမှာ ပူးပေါင်းပါဝင်သွားမယ်လို့ ကြေညာချက်ထုတ်ပြန်။  #Video - @RFABurmese #အရေးတော်ပုံ_အောင်ရမည် https://t.co/S9pjOmtA7i	After the NUG announced that the army would use whatever weapons they could to fight, the Mandalay-based University Student Unions (TUSUs) (19 groups) also announced that they would join the revolution. #Video - @RFABurmese #สับปับต้า_คั่ม่ https://t.co/S9pjOmtA7i
ယနေ့ ၂၀၂၁ခုနှစ် စက်တင်ဘာလ(၉)ရက်နေ့တွင် မန္တလေးမြို့လယ်ခေါင် လမ်းမကြီးများပေါ်တွင် "တိုက်ပွဲရှိရင် အောင်ပွဲရှိတယ်"ဟု ကြွေးကြော်၍   "သွေးသစ္စာ"သီချင်းဖြင့် ဆန္ဒထုတ်ဖော်ခဲ့ကြသော မန္တလေးမြို့အခြေစိုက် တက္ကသိုလ်ကျောင်းသားသမဂ္ဂများ သပိတ်စစ်ကြောင်း။  #WhatsHappeningInMyanmar https://t.co/ABNtZaxjTB	Today, on September 9, 2021, a procession of university student unions based in Mandalay protested on the main streets of the center of Mandalay, chanting "if there is a fight, there is victory" and singing the song "Blood Loyalty". #WhatsHappeningInMyanmar https://t.co/ABNtZaxjTB
ကျောင်းသားတွေအနေနဲ့ ဖက်ဆစ်တော်လှန်ရေး သပိတ်တိုက်ပွဲတွေမှာ တပ်ဦးက ပါဝင်ခဲ့သလို လက်နက်ကိုင်တော်လှန်ရေးမှာလည်း ထိပ်ဆုံးကနေ ပါဝင်မှာဖြစ်တယ်လို့ မန္တလေးမြို့အခြေစိုက် တက္ကသိုလ်ကျောင်းသားသမဂ္ဂများက ပြောဆို။  #WhatsHappeningInMyanmar https://t.co/mjFFZj7yKp	The student unions based in Mandalay said that as students, they will participate in the armed revolution at the top just as they participated in the anti-fascist strike. #WhatsHappeningInMyanmar https://t.co/mjFFZj7yKp
တိုက်ပွဲရှိရင် အောင်ပွဲရှိတယ်။ အရေးကြီးပြီ ညီနောင်အပေါင်းတို့။  မန္တလေးမြို့အခြေစိုက် တက္ကသိုလ်ကျောင်းသားသမဂ္ဂ (တကသ)များ သပိတ်စစ်ကြောင်း  #အရေးတော်ပုံ_အောင်ရမည်   #Video - Time for Revolution https://t.co/tYLxrhiAg5	If there is a battle, there is a victory. It's important, brothers and sisters. Mandalay-based University Student Union (TAKA) strike column #ชี่คั่ว_คัวิม #Video - Time for Revolution https://t.co/tYLxrhiAg5
ရတနာပုံတက္ကသိုလ်ကျောင်းသားများသမဂ္ဂ (ရ.တ.က.သ) က ထုတ်ဝေတဲ့ #ခွပ်ဒေါင်းတွန်သံ စာစဉ် အတွဲ(၂)၊ အထူးထုတ် ထွက်ပြီ။  အပြည့်အစုံ &gt;&gt;&gt; https://t.co/gCowJJHnlu  #ခွပ်ဒေါင်းတွန်သံ_မိုးသို့ညံစေရမည် #အရေးတော်ပုံ_အောင်ရမည် https://t.co/OmLv1NQ7Sa	Volume (2) of #Khạp Daộng Ton Tham series published by Yadanap University Students' Union (R.T.K.A. Special issue is out. Full version >>> https://t.co/gCowJJHnlu #ที่มี่วัวย_ที่วั่วิว #ป้วัยตัว_ที่ https://t.co/OmLv1NQ7Sa
Statement of Student Unions from Myanmar and Foreign about rejecting Fascist Military. #WhatsHappeningInMyanmar https://t.co/HHNztC4tNm	Statement of Student Unions from Myanmar and Foreign about rejecting Fascist Military. #WhatsHappeningInMyanmar https://t.co/HHNztC4tNm
ဖက်ဆစ်စစ်တပ်မှ နိုင်ငံတကာတရားဝင်မှုကြိုးစားလာသည့်အပေါ် ပြည်တွင်း ပြည်ပကျောင်းသားသမဂ္ဂများမှ ပူးတွဲကြေညာချက် #WhatsHappeningInMyanmar https://t.co/5qoBRPD5U9	A joint statement from local and foreign student unions on the fascist army's attempt to gain international legitimacy #WhatsHappeningInMyanmar https://t.co/5qoBRPD5U9
စာမျက်နှာ (၁၃) https://t.co/3Goj6w52hS	Page (13) https://t.co/3Goj6w52hS
#အရေးတော်ပုံ တေးရေး - အားဖူ https://t.co/gQ9qJ0ivJQ	#ชี่คัววั่วิววิว - Fu Fu https://t.co/gQ9qJ0ivJQ
အတုံ့အလှည့် #WhatsHappeningInMyanmar https://t.co/lqbH6Vmp95	#WhatsHappeningInMyanmar https://t.co/lqbH6Vmp95
အလေးနီပြုပါတယ် ညီနောင်ရဲဘော်တို့။  ကျဆုံးသွားကြတဲ့ ရဲဘော်များအတွက်၊  အဖမ်းဆီးခံ ကျောင်းသားပြည်သူများအတွက်၊  နိုင်ငံထောင် အကျယ်ကြီးထဲမှာ သွေးမအေးသင့်ကြတော့ပြီ။  #ကျရာကဏ္ဍကနေ_ပူးပေါင်းပါဝင်ကြ #ဖက်ဆစ်စစ်တပ်_အမြစ်ဖြတ် #သွေးကြွေးမှာ_ဆွေးနွေးစရာမရှိ   #အရေးတော်ပုံ_အောင်ရမည် https://t.co/9kqCIujk0x	Regards, brothers and sisters. For the fallen soldiers, For the arrested students They shouldn't be cold blooded in the vastness of the country's prison. #Let's_participate_from_the_section_of_the_facsimile_arms_of_the_root_cut #There's_no_necessary_to_discussion in the blood debt #The event will be successful https://t.co/9kqCIujk0x
#OurSpringRevolutionMustWin #NewProfilePic https://t.co/jWbzQGXyfQ	#OurSpringRevolutionMustWin #NewProfilePic https://t.co/jWbzQGXyfQ
သွေးကြွေးမှာ ဆွေးနွေးစရာမရှိ	There is no blood debt to discuss
ခေတ်ရဲ့ခေါင်းဆောင် @MinKoNa90617857 @TayzarSan @WaiMoeNaing7  #WhatsHappeningInMyanmar https://t.co/QNCAerEGYg	Leader of the era @MinKoNa90617857 @TayzarSan @WaiMoeNaing7 #WhatsHappeningInMyanmar https://t.co/QNCAerEGYg
https://t.co/GdNlmsZui9	https://t.co/GdNlmsZui9
သဘောကျမိသော ဟားငါးကောင်ရဲ့ ဟဒယသပိတ် ဟာသအပိုင်းလေး။ #အရေးတော်ပုံ_အောင်ရမည် https://t.co/tYdcxP8aNz	A comedy episode of the five harras that I liked. #ชี่วัว_ตั่ม่ https://t.co/tYdcxP8aNz
#တိုက်ပွဲရှိရင်_အောင်ပွဲရှိတယ်  ယနေ့ (၁၄/၉/၂၀၂၁)ရက်နေ့တွင် မန္တလေးမြို့လမ်းမများပေါ်မှာ မန္တလေးမြို့ခံပြည်သူများနှင့် စုစည်းဆန္ဒထုတ်ဖော်ခဲ့ကြသည့် မန္တလေးမြို့အခြေစိုက် တက္ကသိုလ်ကျောင်းသားသမဂ္ဂ (တကသ)များ သပိတ်စစ်ကြောင်း။  #အရေးတော်ပုံ_အောင်ရမည် #WhatsHappeningInMyanmar https://t.co/CODvVczHSp	#คัววัวติตัว_ค้วิวิ่วิม Today (14/9/2021) the Mandalay city-based university student union (TAKA) protested together with the people of Mandalay on the streets of Mandalay. #ชี่วัย_สัววัย #WhatsHappeningInMyanmar https://t.co/CODvVczHSp
#တိုက်ပွဲရှိရင်_အောင်ပွဲရှိတယ်  ယနေ့ (၁၄/၉/၂၀၂၁)ရက်နေ့တွင် မန္တလေးမြို့လမ်းမများပေါ်မှာ မန္တလေးမြို့ခံပြည်သူများနှင့် စုစည်းဆန္ဒထုတ်ဖော်ခဲ့ကြသည့် မန္တလေးမြို့အခြေစိုက် တက္ကသိုလ်ကျောင်းသားသမဂ္ဂ (တကသ)များ သပိတ်စစ်ကြောင်း။  #အရေးတော်ပုံ_အောင်ရမည် #WhatsHappeningInMyanmar https://t.co/bPdWYvBXCl	#คัววัวติตัว_ค้วิวิ่วิม Today (14/9/2021) the Mandalay city-based university student union (TAKA) protested together with the people of Mandalay on the streets of Mandalay. #ชับปัต้า_จัววัย #WhatsHappeningInMyanmar https://t.co/bPdWYvBXCl
#စစ်ကျွန်မခံ_ဒို့တော်လှန် #လူထုတိုက်ပွဲ_ဒို့ဆင်နွှဲ  ယနေ့ ၂၀၂၁ခုနှစ် စက်တင်ဘာလ(၁၆)ရက်နေ့တွင် မန္တလေးမြို့လယ်ခေါင် (၃၅)လမ်းပေါ်တွင် ဆန္ဒထုတ်ဖော်ခဲ့ကြတဲ့ မန္တလေးမြို့အခြေစိုက် တက္ကသိုလ်ကျောင်းသားသမဂ္ဂ (တကသ)များ သပိတ်စစ်ကြောင်း။  #အရေးတော်ပုံ_အောင်ရမည်  #Photos - Spring Diary https://t.co/gJmkUfwhSw	#살이이이_동현이이 #이이스트_동시이 Today on September 16, 2021 (16th of September), 2021, Mandalay-based University Student Union (TAKHA) protested on (35) Street. #ชี่วัย_วั่วิม #Photos - Spring Diary https://t.co/gJmkUfwhSw
မန္တလေးမြို့ LGBT သပိတ်စစ်ကြောင်း 🏳️‍🌈 #စစ်အာဏာရှင်စနစ်_မုချကျဆုံးရမည် #အရေးတော်ပုံ_အောင်ရမည် #WhatsHappeningInMyanmar https://t.co/rHEdj1PQ1R	LGBT picket line in Mandalay 🏳️‍🌈 #스화이이이스_마울 사이마마 #지현이_이리마 #WhatsHappeningInMyanmar https://t.co/rHEdj1PQ1R
မန္တလေးမြို့ LGBT သပိတ်စစ်ကြောင်းကနေ တိုးချဲ့ဖွဲ့စည်းတဲ့ LGBT Union - Mandalay အကြောင်းနဲ့ အာဏာသိမ်းကာလအတွင်း LGBT တို့၏ အခွင့်အရေး ဆုံးရှူံးမှုများရှိကြောင်း ဖြေကြားချက်။  #News - @DeltaNewsAgency  Youtube Link - https://t.co/kLanZcXwfv #WhatsHappeningInMyanmar https://t.co/qNsb2cXntX	Answer about the LGBT Union - Mandalay, which was expanded from the Mandalay LGBT picket line, and the loss of LGBT rights during the coup d'état. #News - @DeltaNewsAgency Youtube Link - https://t.co/kLanZcXwfv #WhatsHappeningInMyanmar https://t.co/qNsb2cXntX
ဖက်ဆစ်ထုတ်ကုန် အားမပေး ငါတို့အနာဂတ်အရေး #SURC #WhatsHappeningInMyanmar https://t.co/5walCHBJp9	Don't support fascist products, our future matters #SURC #WhatsHappeningInMyanmar https://t.co/5walCHBJp9
The Lady ရုပ်ရှင်ဇာတ်ကားထဲက "၂၀၀၇ခုနှစ် ရွှေဝါရောင်တော်လှန်ရေး" #သွေးကြွေးကို_မမေ့နဲ့ https://t.co/g3pyuje1dM	"2007 Saffron Revolution" from the movie The Lady #Don't forget the blood https://t.co/g3pyuje1dM
ချမ်းပုံမှာ ကမ်းကုန်ပေမယ့် ကျွန်တော်တို့တွေ မန်းတုန်အောင် လမ်းဆုံကနေ ဟစ်ခဲ့တယ်။ "အရေးတော်ပုံ အောင်ရမည်"တဲ့။  မိုးရွာပြီး စိမ့်နေအောင် အေးနေပေမယ့် လမ်းမထက်မှာ တော်လှန်ရေးအတွက် ရှင်သန်တိုက်ပွဲဝင်နေဆဲဖြစ်သည့် "မန္တလေးမြို့ LGBT သပိတ်စစ်ကြောင်း🏳️‍🌈✊"  20.9.2021 https://t.co/LQhAl3CinF	It ends at Chanpai, but we started from Man Than Aung intersection. "Must be successful". "Mandalay LGBT strike line 🏳️‍🌈✊" 20.9.2021 https://t.co/LQhAl3CinF, which is still alive and fighting for the revolution in the street despite it being cold and wet.
မန္တလေးမြို့ မနက်စောစောတွင် မြို့လယ်ခေါင် ဈေးတစ်ခုကနေ ခွပ်ဒေါင်းအောင်လံတော် ရဲရဲတောက်ဖြင့် ပေါ်ထွက်လာ၍ စစ်အာဏာရှင်ဆန့်ကျင်ရေး ပြောက်ကျားသပိတ် ပြုလုပ်ခဲ့သည့် မန္တလေးမြို့အခြေစိုက် တက္ကသိုလ်ကျောင်းသားသမဂ္ဂ (တကသ)များ သပိတ်စစ်ကြောင်း။  | ၂၀၂၁ခုနှစ် စက်တင်ဘာလ(၂၁)ရက် https://t.co/1nSzHMNyPN	In the early morning of Mandalay city, the university students' union (TAKA) based in Mandalay, who boldly emerged from a market in the center of the city, bravely emerged from Chu Daung Aung Lam Taw, and went on a guerrilla strike against the military dictatorship. | September 21, 2021 https://t.co/1nSzHMNyPN
ခွပ်ဒေါင်းတွန်သံ မိုးသို့ညံ၊ အဆုံးသတ်တိုက်ပွဲ တို့ဆင်နွှဲ  မန္တလေးမြို့အခြေစိုက် တက္ကသိုလ်ကျောင်းသားသမဂ္ဂများ သပိတ်စစ်ကြောင်း  September 21, 2021  #တိုက်ပွဲရှိရင်_အောင်ပွဲရှိတယ် #အရေးတော်ပုံအောင်ရမည် https://t.co/U8x4XOWghV	The sound of the peacock's crowing echoes into the rain. Celebrating the end of the battle Mandalay-based university student unions strike column September 21, 2021 #สับคัววัว_ที่ชันที่ #ปีไทยตั่ย่าย https://t.co/U8x4XOWghV
ခွပ်ဒေါင်းတွန်သံ မိုးသို့ညံ၊ အဆုံးသတ်တိုက်ပွဲ တို့ဆင်နွှဲ  တက္ကသိုလ်ကျောင်းသားသမဂ္ဂများ-ရန်ကုန် နှင့်  မန္တလေးမြို့အခြေစိုက် တက္ကသိုလ်ကျောင်းသားသမဂ္ဂများ။  #အရေးတော်ပုံ_အောင်ရမည် https://t.co/2HyFDPANk1	The sound of the peacock's crowing echoes into the rain. University student unions celebrating the end of the fight - University student unions based in Yangon and Mandalay. #ชี่คัย_ตั่วิว https://t.co/2HyFDPANk1
သွေးအေးသွားကြရင် ဒါတွေကို ပြန်ကြည့်ကြ။ ရင်းထားရတာတွေက အစားပြန်မရဘူး။ #WhatsHappeningInMyanmar https://t.co/3iXtBvkyzb	Watch these again if you get cold blooded. What you have to keep can't be replaced. #WhatsHappeningInMyanmar https://t.co/3iXtBvkyzb
ကျောင်းသားသမဂ္ဂများဦးဆောင်သည့် သပိတ်အဖွဲ့များသည် "ခွပ်ဒေါင်းတွန်သံမိုးသို့ညံ အဆုံးသတ်တိုက်ပွဲ တို့ဆင်နွှဲ" ကြွေးကြော်သံဖြင့် ရန်ကုန်၊ မန္တလေးနှင့် မြစ်ကြီးနားမြို့များတွင် ချီတက်ဆန္ဒထုတ်ဖော်ခဲ့ကြသည်။  #SURC  #အရေးတော်ပုံအောင်ရမည် https://t.co/a0IlL0uzdW	The strike groups led by the student unions chanted, "Celebrate the end of the fight against the rain and rain" in Yangon, Demonstrations were held in Mandalay and Myitkyina. #SURC #สี่วิวัย https://t.co/a0IlL0uzdW
Tonight ..... https://t.co/Ct90bAqnBK	Tonight ..... https://t.co/Ct90bAqnBK
မွေးရပ်ဌာနေသို့ ခေတ္တရောက်ရှိ #မြန်မာ့နွေဦးတော်လှန်ရေးကာလ https://t.co/hWVmsbOOh9	Temporarily arrived in the hometown of #Myanmar Spring Revolution https://t.co/hWVmsbOOh9
အမျိုးသားညီညွတ်ရေးအစိုးရ၊ လူ့အခွင့်အရေးဆိုင်ရာဝန်ကြီးဌာန၏ ပြည်ထောင်စုဝန်ကြီး ဒေါက်တာအောင်မျိုးမင်းနဲ့ တွေ့ဆုံဆွေးနွေး။ #WhatsHappeningInMyanmar #HumanRights @aung_myo_minn https://t.co/334SFjrDUL	National Unity Government Meeting with Dr. Aung Myo Min, Union Minister of the Ministry of Human Rights. #WhatsHappeningInMyanmar #HumanRights @aung_myo_minn https://t.co/334SFjrDUL
စစ်အာဏာသိမ်းမှု (၇)လအတွင်း ပထမဆုံး ထမင်းဆိုင် ပြန်ထိုင်စားဖြစ်ကြခြင်း။ #WhatsHappeningInMyanmar #Mandalay https://t.co/OQddqXPYvb	Sitting down to eat at a restaurant for the first time in (7) months of the military coup. #WhatsHappeningInMyanmar #Mandalay https://t.co/OQddqXPYvb
ယနေ့ ၂၀၂၁ခုနှစ် စက်တင်ဘာလ (၂၅)ရက်နေ့ မနက်ခင်း၌ မန္တလေးမြို့လယ်ခေါင် ရေနီမြောင်းလမ်းမကြီးပေါ်တွင် စစ်အာဏာရှင်ဆန့်ကျင်ရေးကို အဆက်မပြတ် ဆက်လက်တိုက်ပွဲဝင်ကြရန် ပြောက်ကျားသပိတ်ဖြင့် လှုံ့ဆော် ဆန္ဒထုတ်ဖော်ခဲ့ကြသည့် မန္တလေးမြို့ LGBT သပိတ်စစ်ကြောင်း။  #WhatsHappeningInMyanmar https://t.co/OWldkcswmd	Today, on the morning of September 25, 2021, Mandalay's LGBT picket line protested on the Renyi Suri road in the center of Mandalay city. #WhatsHappeningInMyanmar https://t.co/OWldkcswmd
#အရေးတော်ပုံအောင်ရမည် #သမိုင်းပြောင်သည့်_ရွှေဝါရောင်  #အမှောင်ခွင်းသည့်_ရွှေဝါရောင်  #အလင်းဆောင်သည့်_ရွှေဝါရောင်  #‌ရွှေဝါရောင်တော်လှန်ရေးနေ့_ဒို့မမေ့  #တော်လှန်ရေးသမားကိုပဲသတ်လို့ရမယ်_တော်လှန်ရေးစိတ်ကိုသတ်လို့မရဘူး   #တိုက်ပွဲရှိရင်_အောင်ပွဲရှိတယ်   #WhatsHappeningInMyanmar https://t.co/gJ1ytFmBwP	#ชีวัยตั่วั่ม่ #ค้าวั่วิ่วิม_พรีย์ #สุ่วิต้าย_พรี่มี้ #โม่ไม่_ส้ม่มี้ #ตรี่วิวิตรีเพิ่ม_สัวิว #You can only kill revolutionaries_you can't kill the spirit of revolution #If there is a fight, there is victory #WhatsHappeningInMyanmar https://t.co/gJ1ytFmBwP
ရွှေဝါရောင်တော်လှန်ရေး (၁၄)နှစ်ပြည့်နေ့တွင် သမဂ္ဂခွပ်ဒေါင်းအောင်လံတော်အား အမြင့်မားဆုံး လွှင့်ထူ၍ မန္တလေးမြို့လယ်ခေါင်တွင် သပိတ်တိုက်ပွဲ ဆင်နွှဲခဲ့ကြသည့်  မန္တလေးမြို့အခြေစိုက် တက္ကသိုလ်ကျောင်းသားသမဂ္ဂ(တကသ)များ သပိတ်စစ်ကြောင်း  #အရေးတော်ပုံအောင်ရမည်  #Photos - Simulation https://t.co/UEus7vVc5o	On the 14th anniversary of the Saffron Revolution, the University Students' Union (TAKA) strike line in Mandalay city, which raised the highest flag of the union flag and staged a strike in the center of Mandalay, #ปี้คับตั่ม้า #Photos - Simulation https://t.co/UEus7vVc5o
ရွှေဝါရောင်တော်လှန်ရေး (၁၄)နှစ်ပြည့်နေ့တွင် သမဂ္ဂခွပ်ဒေါင်းအောင်လံတော်အား အမြင့်မားဆုံး လွှင့်ထူ၍ မန္တလေးမြို့လယ်ခေါင်တွင် သပိတ်တိုက်ပွဲ ဆင်နွှဲခဲ့ကြသည့်  မန္တလေးမြို့အခြေစိုက် တက္ကသိုလ်ကျောင်းသားသမဂ္ဂ(တကသ)များ သပိတ်စစ်ကြောင်း  #အရေးတော်ပုံအောင်ရမည် https://t.co/5l8hzUbdrF	On the 14th anniversary of the saffron revolution, the university students' union (TAKA) in Mandalay, who raised the flag of the union as high as possible and staged a strike in the center of Mandalay, will take a picture of #ปีปับต้าย้ว https://t.co/5l8hzUbdrF
ဓမ္မဘက်တော်သား ပြည်သူတစ်ရပ်လုံးရဲ့ ကြိုးပမ်းမှုတစ်ရပ် အရာထင်ခဲ့ပြီဗျို့။ စစ်အာဏာရှင်စနစ် အမြစ်ပြတ်ကျဆုံးဖို့ ကျွန်တော်တို့ တစ်ဦးချင်းစီတိုင်း ဆက်လက်ကြိုးပမ်းကြပါစို့။  #အရေးတော်ပုံ_အောင်ရမည်။ https://t.co/46IqAln5r0	I thought it was an effort of the entire people of the Dharma side. Let each of us continue to strive to eradicate the military dictatorship. #สุวัยตั่_ต่า https://t.co/46IqAln5r0
လူကို ခွေးသတ်လေခြင်း	Dog killing people
ရဲဘော် ဦးဖက်တီး ကောင်းရာသုဂတိလားပါစေ။ https://t.co/Dk2DYJfpQy	Good luck, Comrade U Fati. https://t.co/Dk2DYJfpQy
ရတနာပုံတက္ကသိုလ်ကျောင်းသားများသမဂ္ဂ (ရ.တ.က.သ)၏ တရားဝင် သတင်းထုတ်ပြန်ရေးစာမျက်နှာ Bluemark ရရှိ။ Link - https://t.co/Y2tVDB48aE #WhatsHappeningInMyanmar https://t.co/73sD6r5tXT	The official press release page of Yadanamap University Students' Union (R.T.K.A.) has received Bluemark. Link - https://t.co/Y2tVDB48aE #WhatsHappeningInMyanmar https://t.co/73sD6r5tXT
#ဘာတွေလဲ #ရွှေဝါရောင်_ခွပ်ဒေါင်းတွေ မန္တလေးမြို့လယ်ခေါင်တွင် တိုက်ပွဲဝင် သမဂ္ဂအောင်လံတော်ကို အမြင့်ဆုံးလွှင့်ထူ၍ စစ်အာဏာရှင်ဆန့်ကျင်ရေး သပိတ်စစ်ကြောင်း ချီတက်ခဲ့ကြသည့် မန္တလေးမြို့အခြေစိုက် တက္ကသိုလ်ကျောင်းသားသမဂ္ဂ (တကသ)များ သပိတ်စစ်ကြောင်း။  #WhatsHappeningInMyanmar https://t.co/LFx1Zrdx8B	#สามื้อ #ปียัยรับ_ขียวี่ชีย่มี่มี่มี่มี่มี่ไม่มี่มี่ไม่มี่. #WhatsHappeningInMyanmar https://t.co/LFx1Zrdx8B
#ဘာတွေလဲ #ရွှေဝါရောင်_ခွပ်ဒေါင်းတွေ ယနေ့ မန္တလေးမြို့လယ်ခေါင်တွင် တိုက်ပွဲဝင် သမဂ္ဂအောင်လံတော်ကို အမြင့်ဆုံးလွှင့်ထူ၍ စစ်အာဏာရှင်ဆန့်ကျင်ရေး သပိတ်စစ်ကြောင်း ချီတက်ခဲ့ကြသည့် မန္တလေးမြို့အခြေစိုက် တက္ကသိုလ်ကျောင်းသားသမဂ္ဂ (တကသ)များ သပိတ်စစ်ကြောင်း။  #WhatsHappeningInMyanmar https://t.co/pDdPexCHqq	#สาวัว #ป้วัยรับ_ต้มี่ชี่และ่มี่มี่แล่ว่มี่และ Mandalay city-based University Student Union (TAKA) strike column, which raised the flag of the fighting union as high as possible and marched against the military dictatorship. #WhatsHappeningInMyanmar https://t.co/pDdPexCHqq
Yadanabon University Environmental Club အနေဖြင့် အာဏာသိမ်းစစ်ကောင်စီ၏ လက်ပါးစေများနှင့် ပူးပေါင်းဆောင်ရွက်မှုရှိကြောင်း ကြားသိရခြင်းအပေါ် ရတနာပုံတက္ကသိုလ်ကျောင်းသားများသမဂ္ဂက အိတ်ဖွင့်ပေးစာ ပေးပို့ခြင်း။ | ၂၀၂၁ခုနှစ် အောက်တိုဘာလ(၂)ရက် https://t.co/CK9AaOnrxu	The Yadanabon University Students' Union sent an open letter upon hearing that the Yadanabon University Environmental Club cooperated with the lackeys of the coup military council. | October 2, 2021 https://t.co/CK9AaOnrxu
လိုချင်နေတဲ့ စာအုပ်လေး ရောက်လာပြီ။ https://t.co/gNrYEPAqEB	The book you want has arrived. https://t.co/gNrYEPAqEB
အများကျိုးဆောင်ဖို့လေ၊ တိုင်းအကျိုးဆောင်ဖို့လေ။ အမျိုးကောင်းမောင်တို့ရေ၊ အမျိုးကောင်းမယ်တို့ရေ။ အရာရာမှာ စွန့်လွှတ်ဝံ့ကြပေ။ မြန်ဌာန မလွတ်မြောက်သရွေ့တော့လေ။ #Burma #WhatsHappeninglnMyanmar https://t.co/Cg3f4dTF8O	to serve the common good To do business. Gentlemen, Gentlemen. They dare to give up everything. As long as the emergency department does not escape. #Burma #WhatsHappeninglnMyanmar https://t.co/Cg3f4dTF8O
ဘာလက်နက်မှမပါဘဲလက်သုံးချောင်းထောင်ပြီး တော်လှန်တာကို ကားနဲ့တိုက်၊ သေနတ်နဲ့ ပစ်ဖမ်းတယ်။ #ကမ္ဘာမကြေဘူးဟေ့ #Burma #WhatsHappeningInMyanmar https://t.co/Li0iXMHE4D	Raised three hands without any weapon and attacked the revolution with a car. Shot and arrested. #날이나마뻘혀 #Burma #WhatsHappeningInMyanmar https://t.co/Li0iXMHE4D
ရတနာပုံတက္ကသိုလ် ယာယီတက္ကသိုလ်ကောင်စီ၊ ကြေညာချက်အမှတ် (၁၈/၂၀၂၁)၊ ဩဂုတ်လနှင့်စက်တင်ဘာလ ထောက်ပံ့ငွေအသီးသီး ချီးမြှင့်လွှဲအပ်ပြီးကြောင်း ကြေညာခြင်း။ ရက်စွဲ၊ ၂၀၂၁ခုနှစ် အောက်တိုဘာလ (၁)ရက် #Yadanabon_University #Burma #WhatsHappeningInMyanmar https://t.co/yDo38EdmA5	Temporary University Council of Yadanapai University Announcement No. (18/2021); Announcing that August and September grants have been awarded. date October 1, 2021 #Yadanabon_University #Burma #WhatsHappeningInMyanmar https://t.co/yDo38EdmA5
@YeThuAu11396945 ဆရာကြီးပဲဟေး 🤣	@YeThuAu11396945 Great Master 🤣
#NewProfilePic https://t.co/E7FUbZnjAL	#NewProfilePic https://t.co/E7FUbZnjAL
ဒီရက်ပိုင်းအတွင်း မနက်မိုးလင်းတိုင်း အသံတစ်ခုပဲ အမြဲကြားရတော့တယ်။  "ပါသွားပြီ"တဲ့။	These days, I always hear one sound every morning. "Gone".
မြန်မာ့ပတ္တလား https://t.co/3Xn0I6DLiX	Myanmar Patla https://t.co/3Xn0I6DLiX
ပုံ(၁) ကားအကောင်းစား သူတို့ဟောတဲ့နတ်ပြည်ဆိုတဲ့စည်းဇိမ်နဲ့နေသူတွေက  ဒကာ ဒကာမတွေ ဒုက္ခပင်လယ်ဝေနေချိန် လူသတ်ကောင်နဘေး ခပ်အေးအေးနေနိုင်နေကြတယ်။  ပုံ(၂) ပြည်သူနဲ့အတူ ပြည်သူဒုက္ခ တို့ဒုက္ခပဲဆိုပြီး အာဏာသိမ်းမှုကိုဆန့်ကျင်၊ ပြည်သူကို မေတ္တာပို့ရင်း ဖမ်းဆီးရိုက်နှက်တာခံရတဲ့ ဆရာတော်တွေ။ https://t.co/YAX7PmWBkm	Picture (1) People who live in the luxury of the paradise they preach about with good cars are able to stay calm next to the murderers while the lay people are facing a sea of ​​trouble. Picture (2) Opposing the coup by claiming that people's problems are problems with the people. Bishops who were arrested and beaten while sending love to the people. https://t.co/YAX7PmWBkm
၁၉၄၄-၁၉၄၅ခုနှစ် ဖက်ဆစ်တော်လှန်ရေး D-Day (အပိုင်း - ၁) #Burma #WW2 https://t.co/rEf7erVwOA	Fascist Revolution D-Day 1944-1945 (Part - 1) #Burma #WW2 https://t.co/rEf7erVwOA
၁၉၄၄-၁၉၄၅ခုနှစ် ဖက်ဆစ်တော်လှန်ရေး D-Day (အပိုင်း - ၂) #Burma #WW2 https://t.co/GcGJqehOd8	1944-1945 Fascist Revolution D-Day (Part - 2) #Burma #WW2 https://t.co/GcGJqehOd8
၁၉၄၄-၁၉၄၅ခုနှစ် ဖက်ဆစ်တော်လှန်ရေး D-Day (အပိုင်း - ၃) #Burma #WW2 https://t.co/mMlC6LpCYq	Fascist Revolution 1944-1945 D-Day (Part - 3) #Burma #WW2 https://t.co/mMlC6LpCYq
မန္တလေးမြို့ တော်လှန်ရေးတိုက်ပွဲများရဲ့ ဗဟိုချက်ဖြစ်သော မန္တလေးဈေးချိုတော်အနီးတွင် သမဂ္ဂခွပ်ဒေါင်းအောင်လံတော်အား လွှင့်ထူ၍ သပိတ်တိုက်ပွဲဆင်နွှဲခဲ့ကြသည့် မန္တလေးမြို့အခြေစိုက် တက္ကသိုလ်ကျောင်းသားသမဂ္ဂ (တကသ)များ သပိတ်စစ်ကြောင်း။  #အရေးတော်ပုံ_အောင်ရမည်   #WhatsHappeningInMyanmar https://t.co/bCTrm2NLEF	The strike column of Mandalay-based University Student Unions (TUSUs) held a strike by hoisting the union flag near Mandalay Market, which is the center of revolutionary struggles in Mandalay. #ชับปั่ว_คั่วิม #WhatsHappeningInMyanmar https://t.co/bCTrm2NLEF
အောင်စေပိုင်စေသီချင်းကို မြန်မာပတ္တလားတစ်လှည့် စန္ဒယားသံနဲ့ တစ်လှည့် တီးထားတာ ရှယ်မိုက်တယ်ဗျာ။ https://t.co/NYRdu5abGJ	The song "Aung Sa Pain Sa" is played with the sound of the piano and the Burmese patla. It's so cool. https://t.co/NYRdu5abGJ
အမျိုးသားညီညွတ်ရေးအစိုးရက ပြုလုပ်တဲ့ ကမ္ဘာ့ဆရာများနေ့ အထိမ်းအမှတ်အခမ်းအနားအား တက်ရောက်။ @DuwaLashiLa @ZawWaiSoe4 @DrWinMyatAye  #WhatsHappeningInMyanmar https://t.co/dJBm3nopT2	Attend the World Teachers' Day commemoration ceremony held by the National Unity Government. @DuwaLashiLa @ZawWaiSoe4 @DrWinMyatAye #WhatsHappeningInMyanmar https://t.co/dJBm3nopT2
ငါတို့ရဲ့ တက်ကြွတဲ့ခြေလှမ်းတိုင်းနဲ့ ထက်သန်တဲ့ စိတ်ဓာတ်တိုင်းဟာ လွတ်မြောက်ရေးကို ဦးတည်တယ်။ #ထက်မြတ်အောင် (၈.၂.၂၀၂၁) https://t.co/HZQWcqSYiQ	Our every active step and every fervent spirit leads to liberation. #พลั่วิตั้ง (8.2.2021) https://t.co/HZQWcqSYiQ
နွေဦးအောင်ပွဲ @ydnbusu https://t.co/zNtKlKihK2	Spring victory @ydnbusu https://t.co/zNtKlKihK2
လူစိတ်မရှိတဲ့သူတွေနဲ့ လူစိတ်ရှိတဲ့သူတွေရဲ့ ကွာခြားချက်။ #ဖက်ဆစ်စစ်တပ်_အမြစ်ဖြတ် #KarreniPDF #WhatsHappeninglnMyanmar https://t.co/zmlfJWTTBK	The difference between people who don't have a mind and people who have a mind. #கிக்கிஷ்கியு_முட்டுக்கை #KarreniPDF #WhatsHappeninglnMyanmar https://t.co/zmlfJWTTBK
ဒီအပတ် PVTV က အောင်နေမျိုး ကြောင်ရေချိုးတာကတော့ ကိုယ်ပါ ထရယ်မိတယ် 😄  @pvtvsupporter | #တပ်ပျက်လုလု_ဖိုးတက်ပု https://t.co/jX5WsOP87u	This week, PVTV's Aung Nei cat bath made me laugh 😄 @pvtvsupporter | #ต้วัววั่วิต_สับตับ https://t.co/jX5WsOP87u
တော်လှန်ရေးနေ့ရက်များကြားက ရွှေစာရံသို့ အလည်တစ်ခေါက် #Oct7_2021 #Mandalay #Burma https://t.co/5RjioG9eEH	A visit to the Golden Wall between the days of revolution #Oct7_2021 #Mandalay #Burma https://t.co/5RjioG9eEH
အသက်မကြီးသေးပါ မောင်ရယ်၊ ထန်းရွက်ပုတီးလေးဆွဲဖို့ ရွှေစာရံကို အရောက်သွားလို့ ဝယ်။ #ShweSarYan #Mandalay #Burma https://t.co/cdQGKBO6eF	I'm not too old, bro. To draw a palm leaf bead, I went to the gold bar and bought it. #ShweSarYan #Mandalay #Burma https://t.co/cdQGKBO6eF
ဥရောပ ပါလီမန်က အောက်တိုဘာ (၇)ရက်နေ့မှာ မြန်မာနိုင်ငံနဲ့ ပတ်သက်လို့ CRPH နဲ့ NUG ကို ထောက်ခံအားပေးဖို့ ဆုံးဖြတ်ချက် ချမှတ်လိုက်ပါတယ်။  #Source - https://t.co/n1CO5SUM6q #WhatsHappeningInMyanmar https://t.co/3euoVX6P4s	On October 7, the European Parliament passed a resolution to support CRPH and NUG regarding Myanmar. #Source - https://t.co/n1CO5SUM6q #WhatsHappeningInMyanmar https://t.co/3euoVX6P4s
ယနေ့ ၂၀၂၁ခုနှစ် အောက်တိုဘာလ (၈)ရက်နေ့တွင် မန္တလေးမြို့လယ်ခေါင် လမ်းမများထက်တွင် သပိတ်တိုက်ပွဲ ပြုလုပ်ခဲ့ကြသည့် မန္တလေးမြို့အခြေစိုက် တက္ကသိုလ်ကျောင်းသားသမဂ္ဂ (တကသ)များ သပိတ်စစ်ကြောင်း။  #စစ်အာဏာရှင်စနစ်_အမြစ်ပြတ်ကျဆုံးရမည် #အဆုံးသတ်တိုက်ပွဲ_ဆင်နွှဲကြမည်  #အရေးတော်ပုံ_အောင်ရမည် https://t.co/B97byi1VN0	Today, on October 8, 2021 (8), the strike column of the Mandalay-based University Student Union (TAKA), which held a strike in the streets of the center of Mandalay. #스스화이이스_must be eradicated #They will fight the final battle #이현이하_must win https://t.co/B97byi1VN0
ကျွန်တော်တို့ဟာ တော်လှန်ရေးအောင်မြင်ဖို့ PDF တွေကို ထောက်ပံ့လှူဒါန်းကြဖို့ လိုမယ်။ မြေပြင်သပိတ်မှောက် လူငယ်တွေကို ဝန်းရံကြဖို့လိုမယ်။ CDM တွေကို အရှိန်မပျက် ထောက်ပံ့ကြဖို့ လိုမယ်။ ကျွန်တော်တို့ရဲ့ တော်လှန်ရေးအောင်မြင်သည်အထိ အဆုံးသတ်တိုက်ပွဲ ဆင်နွှဲကြမယ်။  #အရေးတော်ပုံ_အောင်ရမည် https://t.co/hcVfDwg91q	We need to support and donate PDFs for the revolution to succeed. We need to surround the youth of the ground strike. We need to support the CDM without slowing down. We will fight to the end until our revolution succeeds. #ชี่วัย_ตั่วิว https://t.co/hcVfDwg91q
တိုက်ပွဲဝင် ရဲဘော်တစ်ဦး၏ လက်ဆောင်မွန် @hhmawe009 #WhatsHappeningInMyanmar https://t.co/gJtyNukYDe	A gift from a fellow soldier @hhmawe009 #WhatsHappeningInMyanmar https://t.co/gJtyNukYDe
မှတ်မိကြသေးရဲ့လား မေးစမ်းချင်သည်။ https://t.co/qnbB3lVQoh	I want to ask if you still remember. https://t.co/qnbB3lVQoh
@dvbburmese ခေတ်ပြိုင်ကောက်ကြောင်း အစီအစဉ်က အင်တာဗျူး။ Link - https://t.co/BX7arvzPoj	Interview by @dvbburmese contemporary outline program. Link: https://t.co/BX7arvzPoj
Standard Army ဟုတ်သလား။ @dvbburmese #ခေတ်ပြိုင်ကောက်ကြောင်း #အင်တာဗျူး https://t.co/skbPLQY9CQ	Standard Army, right? @dvbburmese #contemporary outline #interview https://t.co/skbPLQY9CQ
ဖက်ဆစ်ဆန့်ကျင်ရေး ပြည်သူ့လွတ်လပ်ရေးအဖွဲ့ချုပ် ဥက္ကဋ္ဌ ဦးအောင်ဆန်း၏ တိုင်းပြုပြည်ပြုလွှတ်တော် မိန့်ခွန်း (၁၉၄၇ခုနှစ် ဇွန်လ ၁၀ရက်) #GeneralAungSan #AFPFL #Burma https://t.co/zT86EBq34C	Anti-Fascist People's Freedom League Chairman U Aung San's speech to the National Assembly (June 10, 1947) #GeneralAungSan #AFPFL #Burma https://t.co/zT86EBq34C
ရတနာပုံတက္ကသိုလ်က CDM လှုပ်ရှားမှုမှာ တက်ကြွစွာ ပါဝင်နေကြသူများကို ထောက်ပံ့နိုင်ဖို့ အလှူခံပါတယ်ခင်ဗျာ။ အောက်ပါ Page တွေမှာ အလှူငွေ နည်းများမဆို လာရောက်လှူဒါန်းထည့်ဝင်နိုင်ပါတယ်။  ကျောင်းသားများသမဂ္ဂ(ရ.တ.က.သ) https://t.co/4AIMv0Iwv7  တက္ကသိုလ်ကောင်စီ https://t.co/kLcshX5fCC… https://t.co/crfKP6ldCo	Yadanapap University is accepting donations to support those who are actively participating in the CDM movement. You can visit the following page to make a donation in any way. Students' Union (RA) https://t.co/4AIMv0Iwv7 University Council https://t.co/kLcshX5fCC… https://t.co/crfKP6ldCo
ရ.တ.က.သ ခေါင်းဆောင်များ၏ စစ်အာဏာရှင်ဆန့်ကျင်ရေး သပိတ်မှောက်လှုပ်ရှားမှု ဓာတ်ပုံများကို ဂုဏ်ပြုရေးဆွဲပေးပါသော "Swalpaymel"က ရဲဘော်ညီနောင်အပေါင်းတို့အား ကျွန်ုပ်တို့ ရ.တ.က.သ က အထူးကျေးဇူးတင်ရှိပါကြောင်း မှတ်တမ်းတင် ဂုဏ်ပြုပါသည်။ #ဖက်ဆစ်စစ်တပ်_အမြစ်ဖြတ် #အ​ရေးတော်ပုံ_အောင်ရမည် https://t.co/pUq71SPu7Q	To all the comrades of "Swalpaymel" who drew pictures of the anti-dictatorship strike campaign of the leaders of the R.T.A.K.A., our R.T.K.A. #คับติติ่วิ_ต่าวิต้า #ค้ยไทย_ตัว_คั่ม https://t.co/pUq71SPu7Q
ဒီအချိန်အထိ မြေပြင်မှာ လူငယ်တွေ ဘာကြောင့် သပိတ်မှောက်ဆန္ဒပြတာတွေ ဆက်လုပ်နေကြတာလဲ။ @dvbburmese #အင်တာဗျူး #နွေဦးတော်လှန်ရေး #WhatsHappeningInMyanmar https://t.co/AclK3SPfan	Why are young people on the ground continuing to strike and protest until now? @dvbburmese #电影 #浴沙气政 #WhatsHappeningInMyanmar https://t.co/AclK3SPfan
စစ်ခွေးအရိုးနဲ့ စည်ရှည်တံတား ပြန်ထိုးမယ်။  ယနေ့ မန္တလေးမြို့လမ်းမထက်က မန္တလေးမြို့အခြေစိုက် တက္ကသိုလ်ကျောင်းသားသမဂ္ဂများစစ်ကြောင်း၏ စစ်အာဏာရှင်ဆန့်ကျင်ရေး သပိတ်မှောက်လှုပ်ရှားမှူ။  #ဖက်ဆစ်စစ်တပ်_အမြစ်ဖြတ် #အရေးတော်ပုံ_အောင်ရမည် #WhatsHappeningInMyanmar https://t.co/mP3XPcLPUa	I will rebuild the long barrel bridge with the bones of war dogs. Today, the anti-military strike of the university student unions column based in Mandalay city, on the street of Mandalay city. #ตั้วิติต้า_สับต้า #ป้วัยตั่_วัวิว #WhatsHappeningInMyanmar https://t.co/mP3XPcLPUa
စည်မျက်နှာကဲ့သို့ ညီညာပါပေသကို။ #WhatsHappeningInMyanmar https://t.co/xwqEzPiBAx	It is flat like the face of a barrel. #WhatsHappeningInMyanmar https://t.co/xwqEzPiBAx
မြန်မာနိုင်ငံအပေါ်အလုံးစုံစီးပွားရေးအရ အရေးယူပိတ်ဆို့မှု ( Comprehensive Economic Sactions ) များဆောင်ရွက်ပေးပါရန် မြန်မာနိုင်ငံအခြေစိုက် သမဂ္ဂများနှင့် အဖွဲ့အစည်းများမှ ထုတ်ပြန်ကြေညာချက်။  | ၂၀၂၁ခုနှစ် အောက်တိုဘာလ(၁၅)ရက် https://t.co/X8doPvtfbB	A statement issued by unions and organizations based in Myanmar to carry out Comprehensive Economic Sanctions against Myanmar. | October 15, 2021 https://t.co/X8doPvtfbB
NCA လက်မှတ်ရေးထိုးထားသော အဖွဲ့(၈)ဖွဲ့၏ စစ်အုပ်စုနှင့် ပူးပေါင်းဆောင်ရွက်မှုအပေါ် အထွေထွေသပိတ်ပေါင်းစပ်ညှိနှိုင်းရေးအင်အားစု (GSCB)၏ သဘောထားထုတ်ပြန်ချက်  | ကြေညာချက်အမှတ်(၆/၂၀၂၁) #WhatsHappeningInMyanmar https://t.co/b4EJgAGffR	Statement of the General Strike Coordination Force (GSCB) on cooperation with the regime of the 8 NCA signatories | Statement No. (6/2021) #WhatsHappeningInMyanmar https://t.co/b4EJgAGffR
The First People strike of Mandalay. #6Feb2021 #WhatsHappeningInMyanmar https://t.co/Bip0zaVldy	The First People strike of Mandalay. #6Feb2021 #WhatsHappeningInMyanmar https://t.co/Bip0zaVldy
#ညီငယ်_ညီမငယ်တို့။ တို့ရဲ့ ပညာရေးက သုံးစားမရတဲ့ စစ်ကျွန်ပညာရေးဆိုတာ လူတိုင်းသိတယ်။ ဒါကို လိုက်လျောညီထွေ ဖြစ်အောင်နေမယ်ဆိုတဲ့အတွေးနဲ့ ကိုယ့်ရဲ့သမိုင်းမရိုင်းစေနဲ့။ ကိုယ်ရဲ့ အနာဂတ်ကို မဖျက်ဆီးကြနဲ့။ စစ်ကျွန်ပညာရေးကို ကျောင်းမတက်ခြင်းဖြင့် သပိတ်မှောက်ကြ။  #ကျောင်းမတက်နဲ့_ကျောင်းပျက် https://t.co/rOFhYeov2y	#Young brothers and sisters. Everyone knows that our education is a useless military education. Don't let your history go wild with the thought that you will be able to adapt to this. Don't destroy your future. Boycott education by not attending school. #School not up and _ school broken https://t.co/rOFhYeov2y
ယနေ့ ၂၀၂၁ခုနှစ် အောက်တိုဘာလ(၁၈)ရက်နေ့တွင် သမဂ္ဂခွပ်ဒေါင်းအောင်လံတော်နံဘေးတွင် မီးဒုတ်၊ ဖယောင်းတိုင်များ အလျှံညီးညီးထွန်းညှိ၍ မန္တလေးဈေးချိုတော်အတွင်း သပိတ်မှောက်ချီတက်ခဲ့ကြသည့် မန္တလေးမြို့အခြေစိုက် တက္ကသိုလ်ကျောင်းသားသမဂ္ဂ (တကသ)များ သပိတ်စစ်ကြောင်း။  #အရေးတော်ပုံ_အောင်ရမည် https://t.co/pHvUAAoTDW	Today, on October 18, 2021 (18), a bonfire was held next to Aung Lam Taw of the union. A procession of Mandalay-based University Student Unions (TUSUs) marched on strike inside the Mandalay Market, lighting candles in abundance. #ชี่ชัย_ตั่วิว https://t.co/pHvUAAoTDW
ယနေ့ ၂၀၂၁ခုနှစ် အောက်တိုဘာလ(၁၈)ရက်နေ့တွင် သမဂ္ဂခွပ်ဒေါင်းအောင်လံတော်နံဘေးတွင် မီးဒုတ်၊ ဖယောင်းတိုင်များ အလျှံညီးညီးထွန်းညှိ၍ မန္တလေးဈေးချိုတော်အတွင်း သပိတ်မှောက်ချီတက်ခဲ့ကြသည့် မန္တလေးမြို့အခြေစိုက် တက္ကသိုလ်ကျောင်းသားသမဂ္ဂ (တကသ)များ သပိတ်စစ်ကြောင်း။  #အရေးတော်ပုံ_အောင်ရမည် https://t.co/5Y2axSwD2X	Today, on October 18, 2021 (18), a bonfire was held next to Aung Lam Taw of the union. A procession of Mandalay-based University Student Unions (TUSUs) marched on strike inside the Mandalay Market, lighting candles in abundance. #ชี่ชัย_ตั่วิ่ https://t.co/5Y2axSwD2X
ပုသိမ်ကြီးမောင်သန့်စင် စာမျက်နှာအား ပြောင်းလဲအသုံးပြုခြင်း https://t.co/sd1HNkUQ61	Changing the use of Pathein Gyi Maung Sane page https://t.co/sd1HNkUQ61
ကျုပ်ရဲဘော်ကြီး ပြန်လွတ်ပြီဗျို့။ https://t.co/E64V9jX9fN	My comrade has escaped. https://t.co/E64V9jX9fN
မန္တလေးမြို့အခြေစိုက် တက္ကသိုလ်ကျောင်းသားသမဂ္ဂများ သပိတ်စစ်ကြောင်း၏ အနုပညာရပ်ဝန်းက ရဲဘော်အောင်ခန့်မော် ပြန်လွတ်လာပါပြီ။ #WhatsHappeningInMyanmar https://t.co/Ss6GLEZnR9	Comrade Aung Nakh Maw from the arts community of Mandalay-based university student union strike line has been released. #WhatsHappeningInMyanmar https://t.co/Ss6GLEZnR9
လွှတ်ပေးလို့ရော ဒီစစ်ခွေးတွေကို ကျေးဇူးတင်စရာလား။ ဥပဒေမဲ့ ဖမ်းခဲ့ သတ်ခဲ့တာကလည်း သူတို့ပဲလေ။ #WhatsHappeningInMyanmar https://t.co/AoVQOzfNEh	Thank these war dogs for release? They were the ones who arrested and killed them illegally. #WhatsHappeningInMyanmar https://t.co/AoVQOzfNEh
#တော်လှန်သီတင်းကျွတ်  စစ်အာဏာရှင်စနစ် မုချကျဆုံးရမည်။  #အရေးတော်ပုံ_အောင်ရမည်  | ၂၀၂၁ခုနှစ် အောက်တိုဘာလ(၁၉)ရက် https://t.co/1VvKcGBbb3	#Revolutionary military dictatorship must fall #สุปัยตั่_วัววั่ | October 19, 2021 https://t.co/1VvKcGBbb3
#တော်လှန်သီတင်းကျွတ် စစ်အာဏာရှင်စနစ် မုချကျဆုံးရမည်။ #အရေးတော်ပုံ_အောင်ရမည် | ၂၀၂၁ခုနှစ် အောက်တိုဘာလ(၁၉)ရက် #CandleStrike #GSCB #WhatsHappeningInMyanmar https://t.co/yXRrTLEuoy	#Revolutionary military dictatorship must fall #สุปัยตั่_วัววั่ | October 19, 2021 #CandleStrike #GSCB #WhatsHappeningInMyanmar https://t.co/yXRrTLEuoy
မန္တလေးမြို့အခြေစိုက် တကသရဲဘော်များ၏ တော်လှန်သီတင်းကျွတ် ကမ်ပိန်း။ | ၂၀၂၁ခုနှစ် အောက်တိုဘာလ(၁၉)ရက် #စစ်အာဏာရှင်စနစ်_မုချကျဆုံးရမည် #အရေးတော်ပုံ_အောင်ရမည် #CandleStrike #WhatsHappeningInMyanmar https://t.co/cNeESV5ZqO	A revolutionary week-long campaign by Taka comrades based in Mandalay. | October 19, 2021 #스스트이이이스_must_fall #지현이_이이이 #CandleStrike #WhatsHappeningInMyanmar https://t.co/cNeESV5ZqO
ကျွန်တော်တို့ငယ်ငယ်က သီတင်းကျွတ်လပြည့်နေ့ ကျောက်တော်ကြီးဘုရားပွဲ။ အပြည့်အစုံဖတ်ရန် - https://t.co/45i6ifFtxp https://t.co/Wtvnuic5Z0	When we were young, the festival of the full moon of the weekend. Read more: https://t.co/45i6ifFtxp https://t.co/Wtvnuic5Z0
ကျဆုံးသူတွေနဲ့ မိဝေးဖဝေး ရဲဘော်တွေကြောင့်သာ တော်လှန်ရေးကို တောင့်ခံပြီး ဆက်လုပ်နေတာ။ ဒီလိုလူတွေအတွက်ကတော့ စေတနာကို မရှိတော့ဘူး။  #ထက်မြတ်အောင် https://t.co/6SsnIr0l3I	It is only because of the fallen and the distant comrades that the revolution is sustained and continued. There is no charity for such people. #พลั่มั้น https://t.co/6SsnIr0l3I
၂၀.၂.၂၀၂၁ &gt;&gt;&gt; ၂၀.၁၀.၂၀၂၁ မကြာသေးဘူး မကြာသေးဘူး။ (၈)လပဲရှိသေးတယ်။   #ပျော်ပါးနေလိုက်ကြ #လိပ်ပြာလုံပါစေ  #ထက်မြတ်အောင် https://t.co/HIgjj2Y66w	20.2.2021 >>> 20.10.2021 Recently Recently Only (8) months. #新聈杀果他 #生红蛁生电影 #生气食 https://t.co/HIgjj2Y66w
ဝါလကင်းလွတ် သီတင်းကျွတ်၍ လပြည့်လဝန်း ရွှန်းပဝင်းသို့ ငါတို့အောင်ပွဲ ရောက်ဖို့ရာမှန် ရောက်စေသာ၏။ #ထက်မြတ်အောင် (ရတနာပုံတက္ကသိုလ်) https://t.co/LayCug8Cvh	May the full moon come to Shonpawin on the end of the fasting week. #พลั่วิตั้ง (Yadaran Phap University) https://t.co/LayCug8Cvh
လောကတစ်ခွင်၊ အမှောင်ထူလည်း စစ်ခွေးလက်နက်၊ ဘယ်လိုထက်လည်း ရဲရဲတောက်၍၊ အမှောင်ကိုခွင်း၊ အလင်းဆောင်သည် ခွပ်ဒေါင်းပျိုတို့၊ တွန်စေသတည်း။ #ထက်မြတ်အောင် (ရတနာပုံတက္ကသိုလ်) https://t.co/5u1aLDL143	around the world The darkness is also the weapon of war dogs. more daring than how; cut through the darkness The light bearer, young peacocks, Let him plow. #พลั้ยลั่ม (Yadaran Phap University) https://t.co/5u1aLDL143
@NantEiThandar ပျားအုံလို အပေါက်လေးတွေနဲ့ မုန့်ပါဗျ။ ခပ်ရမ်းရမ်းကိုင်ရင်ကို တန်းကျိုးတာပါ။ အချိုမပြင်းပါဘူး။	@NantEiThandar Bread with holes like a beehive. If you hold it too tightly, it will break the class. Not too sweet.
လွန်ခဲ့တဲ့ (၃)နှစ်ကာလမှာ လူတစ်ယာက်က ကျွန်တော့်ကို အသက်သေသွားလောက်အောင် စိတ်ဒုက္ခပေးခဲ့တဲ့ ဒီနေ့။ အဲ့လူကို ကျွန်တော်ခွင့်လွှတ်ပါတယ်။ ဒါပေမယ့် The Fire Day လို့ သတ်မှတ်ထားတဲ့ ဒီနေ့ကို ဘယ်တော့မှ မမေ့ဘူး။ #TheFireDayofMyLife #22Oct2018_22Oct2021 #Mandalay_Burma https://t.co/I0mvQfpYNS	Today, three years ago, a person caused me enough trouble to testify. I forgive that person. But I will never forget this day, which is designated as The Fire Day. #TheFireDayofMyLife #22Oct2018_22Oct2021 #Mandalay_Burma https://t.co/I0mvQfpYNS
အခွံက ခါးခါး၊ အတွင်းက ချဉ်ချဉ်၊ အမှုန့်က ငန်ငန်၊ ငရုတ်က စပ်စပ်။ ဒါပေမယ့် စားလို့ အင်မတန်ကောင်းတယ်။ #22Oct2021 #Lemon https://t.co/vGgtfyXo9o	The shell is bitter. Pickled and pickled inside The powder is salty and salty. The pepper is spicy. But it is very good to eat. #22Oct2021 #Lemon https://t.co/vGgtfyXo9o
ဓားမိုးပြီး ကျွန်ပြုထားတဲ့ကိစ္စမှာ ဓားဆွဲပြီး ပြန်လည်ခုခံရမှာကို ကြောက်စရာလို့ ထင်နေရင်လည်း ဒီလူမျိုးဟာ ကျွန်ဘဝနဲ့ပဲ ထိုက်တန်တယ်လို့ ရာဇဝင်က အဆုံးအဖြတ်ပေးပါလိမ့်မယ် #ဗန်းမော်တင်အောင် https://t.co/3tPpXin0ae	Even if you think it's scary to fight back with a knife and fight back in the case of slavery, history will decide that this nation deserves a life of slavery.
ကျွန်တော်တို့ ကျောင်းသားတွေဟာ ပြည်သူနဲ့ တသားတည်းရှိတယ်။ နိုင်ငံရေးရပ်တည်ချက်တွေ ထားကြတဲ့အခါ အုပ်ချုပ်ခံပြည်သူတွေဘက်ကနေ ရပ်တည်ရမယ်။ အုပ်ချုပ်သူတွေကြားမှာ ပါဝင်ပြီး ပြည်သူကို ဖိနှိပ်တာမျိုး လုံးဝမလုပ်ရဘူး။ ဒါဟာ ကျွန်တော်တို့ရဲ့ ခိုင်မာတဲ့ မူဝါဒပဲ။  -ထက်မြတ်အောင် (ရတနာပုံတက္ကသိုလ်) https://t.co/ho905qUJcm	Our students are one with the people. When you take a political stand, you must stand on the side of the governed. They must not be among the rulers and oppress the people at all. This is our firm policy. - Chet Myat Aung (Yadanarpai University) https://t.co/ho905qUJcm
CDM ပြုလုပ်ထားသည့် ပြည်သူ့ဝန်ထမ်းများအား ခြိမ်းခြောက်အကျပ်ကိုင်နေကြသည့် သစ္စာဖောက်လောက်ကောင်များအား သတိပေးခြင်း ကြေညာချက်(၁၉/၂၀၂၁) ရက်စွဲ၊ ၂၀၂၁ခုနှစ် အောက်တိုဘာလ(၂၃)ရက် #YadanabonUniversity_UniversityCouncil #Oct23Coup #WhatsHappeningInMyanmar https://t.co/8KwzWHWS3L	Announcement (19/2021) to warn the traitors who are threatening and coercing the public employees made by CDM. October 23, 2021 #YadanabonUniversity_UniversityCouncil #Oct23Coup #WhatsHappeningInMyanmar https://t.co/8KwzWHWS3L
သစ္စာဖောက်လမ်းကို ရွေးချယ်ပါက သစ္စာဖောက်တို့၏ လမ်းစဉ်အတိုင်း သွားရမည်သာဖြစ်သည်။ အပြည့်အစုံဖတ်ရန် - https://t.co/pHCdWa0dpk #YadanabonUniversity_UniversityCouncil #TintMoeThuzar #WhatsHappeningInMyanmar https://t.co/3t7SX1pXGd	If you choose the path of traitors, you must follow the path of traitors. Read more: https://t.co/pHCdWa0dpk #YadanabonUniversity_UniversityCouncil #TintMoeThuzar #WhatsHappeningInMyanmar https://t.co/3t7SX1pXGd
စစ်ကောင်စီ၏ ငွေဝင်ပေါက်ကိုပိတ်ဆို့ဖို့ ပြည်သူ့အင်အားပြ ဆန္ဒထုတ်ဖော် လက်မှတ်ထိုးရန် ဖိတ်ခေါ်ပါသည်။ အပြည့်အစုံဖတ်ရန် - https://t.co/JyojIWci9P #FreezePaymentsToJunta  #SanctionMOGE  #Total_Chevron_StopSponsoringSAC  #BloodMoneyCampaignMM  #BloodMoneyMyanmar #POSCO_StopSponsoringSAC https://t.co/dOzO0INaPm	We invite you to sign a public protest to block the military council's money entrance. Read more: https://t.co/JyojIWci9P #FreezePaymentsToJunta #SanctionMOGE #Total_Chevron_StopSponsoringSAC #BloodMoneyCampaignMM #BloodMoneyMyanmar #POSCO_StopSponsoringSAC https://t.co/dOzO0INaPm
@Khithitofficial အလေးနီပြုပါတယ် ရဲဘော်တို့	@Khithitofficial Regards, comrades
ဖေဖော်ဝါရီ(၁)ရက်နေ့ အာဏာသိမ်းပြီးကတည်းက ကျွန်တော်တို့အားလုံးမှာ ဆုံးရှုံးစရာ ဘာမှမရှိတော့ဘူး။ ဒီအတွက် စစ်ဘီလူးတွေလက်က လွတ်မြောက်ပြီး တိုင်းပြည်အတွက် အမြတ်ရစရာတွေကို တိုက်ယူကြရတော့မယ်။ ပြည်သူအားလုံး သွေးမအေးကြနဲ့။ တော်လှန်ရေးကို မျက်ခြေမပြတ်စေနဲ့။ #WhatsHappeningInMyanmar https://t.co/JCiwELaMPo	Since the February 1 coup, we all have nothing left to lose. Because of this, they will be freed from the war monsters and will have to fight for the profits for the country. Don't be cold-blooded. Don't lose sight of the revolution. #WhatsHappeningInMyanmar https://t.co/JCiwELaMPo
၈၈ မျိုးဆက် ခေါင်းဆောင်တဦးဖြစ်တဲ့ ကိုဂျင်မီကို မနေ့ညပိုင်းက ရန်ကုန် မြောက်ဒဂုံမှာ ဖမ်းဆီးရမိတယ်လို့ ဇနီးဖြစ်သူ မနီလာသိန်းက ဗွီအိုအေကို အတည်ပြု ပြောပါတယ်။  #MyanmarPolitics #MyanmarArrest #VOABurmese #WhatsHappeningInMyanmar https://t.co/7jHqxwNTOk	His wife, Manila Thein, confirmed to VOA that Ko Jimmy, one of the leaders of the 88th generation, was arrested in North Dagon, Yangon yesterday night. #MyanmarPolitics #MyanmarArrest #VOABurmese #WhatsHappeningInMyanmar https://t.co/7jHqxwNTOk
စစ်ကျွန်ပညာရေးမှာ ကျောင်းမတက်ကြဖို့  မန္တလေးမြို့လယ်ခေါင်လမ်းမတွေပေါ်မှာ ကြွေးကြော်သံများဖြင့် သပိတ်တိုက်ပွဲဝင်နေဆဲဖြစ်သည့် မန္တလေးမြို့အခြေစိုက် တက္ကသိုလ်ကျောင်းသားသမဂ္ဂများ သပိတ်စစ်ကြောင်း။   မန္တလေး၊ အောက်တိုဘာ ၂၄  #အရေးတော်ပုံ_အောင်ရမည်  #WhatsHappeningInMyanmar https://t.co/X3E437kz1i	A strike column of university student unions based in Mandalay, who are still fighting a strike, shouting slogans on the streets of central Mandalay, asking them not to go to school for military education. Mandalay October 24th #ชี่วัว_คัวิว #WhatsHappeningInMyanmar https://t.co/X3E437kz1i
စစ်ကျွန်ပညာရေးမှာ ကျောင်းမတက်ကြဖို့  မန္တလေးမြို့လယ်ခေါင်လမ်းမတွေပေါ်မှာ ကြွေးကြော်သံများဖြင့် သပိတ်တိုက်ပွဲဝင်နေဆဲဖြစ်သည့် မန္တလေးမြို့အခြေစိုက် တက္ကသိုလ်ကျောင်းသားသမဂ္ဂများ သပိတ်စစ်ကြောင်း။   မန္တလေး၊ အောက်တိုဘာ ၂၄  #အရေးတော်ပုံ_အောင်ရမည်  #WhatsHappeningInMyanmar https://t.co/GM0pMZFs3c	A strike column of university student unions based in Mandalay, who are still fighting a strike, shouting slogans on the streets of central Mandalay, asking them not to go to school for military education. Mandalay October 24th #ชี่คัว_คั่ม่ #WhatsHappeningInMyanmar https://t.co/GM0pMZFs3c
@Khithitofficial https://t.co/Z9aoUcQrSU	@Khithitofficial https://t.co/Z9aoUcQrSU
အာဏာသိမ်းစစ်ကောင်စီကပေးမယ့် ပညာရေးဟာ ဘာမှသုံးစားမရဘူးဆိုတာ လက်ရှိပညာရေးအခြေအနေအပေါ်မူတည်ပြီး ကျွန်တော်တို့ သုံးသပ်နိုင်ပါတယ်။ ဒါကြောင့် စစ်ကျွန်ပညာရေးကို သပိတ်မှောက်ကြပါ။ လိုက်လျောညီထွေနေလိုက်မယ်ဆိုတဲ့ အတွေးနဲ့တော့ ကျောင်းသားသမိုင်း မရိုင်းပါစေနဲ့။ #ထက်မြတ်အောင်(ရတနာပုံတက္ကသိုလ်) https://t.co/3bPUY2itED	Based on the current education situation, we can consider that the education provided by the coup military council is useless. So, boycott the education of military slaves. Don't let student history go wild with the idea that you will be flexible. #พลั่วิตั้น (Yadanarpap University) https://t.co/3bPUY2itED
နွေဦးတော်လှန်ရေး စတင်စဉ်ကတည်းက ကျောင်းသားပြည်သူများနှင့်အတူ မန္တလေးမြို့ လမ်းမများထက်မှာ တိုက်ပွဲဝင်လာခဲ့ပြီး ယနေ့အထိ အလံမလိပ် အသံမတိတ် ဆက်လက်တိုက်ပွဲနေဆဲဖြစ်တဲ့ မန္တလေးမြို့အခြေစိုက် တက္ကသိုလ်ကျောင်းသားသမဂ္ဂများ သပိတ်စစ်ကြောင်း။ #အရေးတော်ပုံ_အောင်ရမည် #WhatsHappeninglnMyanmar https://t.co/VsTV4rhfUD	Since the start of the Spring Revolution, the strike column of university student unions based in Mandalay, which has been fighting on the streets of Mandalay with the students, and is still fighting silently without raising a flag to this day. #ชับปั่ว_คัววิ #WhatsHappeninglnMyanmar https://t.co/VsTV4rhfUD
Happy Birthday, Ko Hein Htet San (@HeinHte79065379) တော်လှန်သော မွေးနေ့ပါဗျာ။  တော်လှန်ရေးအစကနေ ဒီကာလအထိ နေထိုင်ဖို့ရော အန္တရာယ်ကင်းဖို့ရော အမြဲအတူတူရှိနေခဲ့တဲ့ ကိုဟိန်းထက်စံရဲ့ မွေးနေ့ မနက်(၁၂)နာရီတိတိမှာ မွေးနေ့ကိတ်ခွဲလို့ Surprise လုပ်ခဲ့ပါတယ်ခင်ဗျာ။ https://t.co/Th3MrEaswM	Happy Birthday, Ko Hein Htet San (@HeinHte79065379) Revolutionary birthday! From the beginning of the revolution to this period, we were always together to live and stay safe, and we were surprised by breaking the birthday cake at exactly (12) o'clock on the morning of Kohin Chet San's birthday. https://t.co/Th3MrEaswM
နွေဦးတော်လှန်ရေး၏ ပထမဆုံးနေ့ဖြစ်တဲ့ ဖေဖော်ဝါရီလ(၄)ရက်နေ့ ဆန္ဒပြမှုမှာ ပါဝင်ခဲ့တဲ့ ရတနာပုံတက္ကသိုလ် ကျောင်းသားများသမဂ္ဂ၏ အမှုဆောင်ဟောင်း ကိုမင်းညီညီကွန်းဟာ ယနေ့အထိ လွတ်မြောက်ခြင်း မရှိသေးပါဘူး။ #Release_MinNyiNyiKon #SpringRevolution #WhatsHappeningInMyanmar https://t.co/iTQulPR17J	Ko Min Nyi Koon, the former executive of the Yadanap University Students' Union, who participated in the protest on February 4th, the first day of the Spring Revolution, has not been released to this day. #Release_MinNyiNyiKon #SpringRevolution #WhatsHappeningInMyanmar https://t.co/iTQulPR17J
@Khithitofficial ဒါမှ ပြည်သူ့တော်လှန်ရေးတပ်မတော်စစ်စစ်ပဲ။	@Khithitofficial That's the real People's Revolutionary Army.
ရတနာပုံတက္ကသိုလ်ကျောင်းသားများသမဂ္ဂ (ရ.တ.က.သ) က ထုတ်ဝေတဲ့ “ခွပ်ဒေါင်းတွန်သံ”စာစဉ် အတွဲ(၃)၊ အမှတ်(၁) ထွက်ပြီ။  ▪️ခွပ်ဒေါင်းတွန်သံ_မိုးသို့ညံစေရမည် ▪️အရေးတော်ပုံ_အောင်ရမည်  အပြည့်အစုံဖတ်ရန် - https://t.co/u0omWuHyhK  @ydnbusu #WhatsHappeingInMyanmar https://t.co/P5QqZmySyv	Volume (3) of the series "Khop Daung Ton Chan" published by the Yadanamap University Students' Union (R.T.K.A). No. (1) is out. ▪️The crowing of the peacock_must be drowned in the rain ▪️The picture of the victory_must be read in full - https://t.co/u0omWuHyhK @ydnbusu #WhatsHappeingInMyanmar https://t.co/P5QqZmySyv
ကျောင်းသားသမဂ္ဂကိုယ်စားလှယ်များကော်မတီ၏ ရပ်တည်ချက် ကြေညာချက်အမှတ် (၀၄/၂၀၂၁)  #SURC #WhatsHappeningInMyanmar https://t.co/6M2UmehzbA	Student Union Representatives Committee Position Statement No. (04/2021) #SURC #WhatsHappeningInMyanmar https://t.co/6M2UmehzbA
ရတနာပုံတက္ကသိုလ် ကျောင်းသားများသမဂ္ဂ (ရ.တ.က.သ)နှင့် အမျိုးသားညီညွတ်ရေးအစိုးရ၏ တရားရေးဝန်ကြီးဌာနမှ CDM တရားသူကြီးတစ်ဦးနှင့် တွေ့ဆုံ။  #အရေးတော်ပုံ_အောင်ရမည် #WhatsHappeningInMyanmar https://t.co/IFsMwAfxvC	Meeting with a CDM judge from the Ministry of Justice of the National Unity Government and the Students' Union of Yadanapap University (R.T.K.A.). #ชีวิชัว_คัวิว #WhatsHappeningInMyanmar https://t.co/IFsMwAfxvC
@DuwaLashiLa @zinmaraung1976 #အရေးတော်ပုံ_အောင်ရမည် ✊	✊
ဒီတော်လှန်ရေးဟာ အာဏာသိမ်းစစ်ကောင်စီ ပြုတ်ကျရုံနဲ့ ပြီးပြတ်သွားမှာ မဟုတ်ဘူး။ တန်းတူညီမျှရေး လွတ်လပ်ရေးနဲ့ သဟဇာတဖြစ်ရေးကို တစ်ပါတည်း ရယူကြရမယ့် တော်လှန်ရေးဖြစ်တယ်။ ဗဟိုချုပ်ကိုင်ပြီး တစ်ဦးချင်းရဲ့ ရပိုင်ခွင့်ကို မလေးစားတဲ့ လူမျိုးကြီးဝါဒတွေကို အဆုံးသတ်ကြရပါလိမ့်မယ်။ @htetmyataungmm https://t.co/EBqdSrY0JG	This revolution will not end with the fall of the coup d'état military council. It is a revolution in which equality, independence and harmony must be achieved together. They must end the chauvinism that is centralized and does not respect the rights of the individual. @htetmyataungmm https://t.co/EBqdSrY0JG
@dvbburmese အိမ်သုံးလျှပ်စစ်ကိုတောင် နပ်မှန်တောင် မလုပ်နိုင်ဘဲ သွေးရူးသွေးတန်းပြောနေပြန်ပြီ။	@dvbburmese can't even do household electricity properly, he's raving about it again.
ပီတိကနေ ပေါက်ဖွားလာတဲ့ ခြေလှမ်းများ (ဆောင်းပါး)  #ထက်မြတ်အောင် (ရတနာပုံတက္ကသိုလ်)  #Feb8Coup #SpringRevolution  #WhatsHappeningInMyanmar https://t.co/Z3j3kQfWby	Steps born from rapture (article) #ต้วยิตั่ม (Yadaran Phap University) #Feb8Coup #SpringRevolution #WhatsHappeningInMyanmar https://t.co/Z3j3kQfWby
@MyoNaingAung13 #အရေးတော်ပုံ_အောင်ရမည် ✊	✊
Freeze the Terrorist Junta Income Cut off the junta’s access to international business Stop paying to crime against humanity #မြန်မာပြည်ကိုကယ်တင်ရေး_စစ်ကောင်စီကိုငွေမပေး  https://t.co/6d91pHvCeY  #BloodMoneyMyanmar #StopPayingToJunta #FreezeDollarToJunta #GSCB https://t.co/8BYv6HbbLC	Freeze the Terrorist Junta Income Cut off the junta’s access to international business Stop paying to crime against humanity
၁၉၉၀ခုနှစ် ရွေးကောက်ပွဲရလဒ်ဖြင့် ပြည်ပမှာ အခြေစိုက်ပြီး ၂၀၁၂ခုနှစ်အထိ တည်ရှိခဲ့ဖူးတဲ့ ပြည်ထောင်စုမြန်မာနိုင်ငံ အမျိုးသားညွန့်ပေါင်းအစိုးရ (NCGUB)။ #PoliticsInBurma #NCGUB https://t.co/m6LV4HDgwX	The National Coalition Government of the Union of Myanmar (NCGUB), which was based abroad as a result of the 1990 election, existed until 2012. #PoliticsInBurma #NCGUB https://t.co/m6LV4HDgwX
@Khithitofficial "ဒုတိယမြန်မာနိုင်ငံ - အင်းဝခေတ်"ဆိုတဲ့လူက ဆောက်နေတာလေ 🤪	@Khithitofficial "The Second Myanmar - Inwa Era" is being built by a man 🤪
အမျိုးသားညီညွတ်ရေးအစိုးရ ပညာရေးဝန်ကြီးဌာန ကြေညာချက်အမှတ် (၃၇ /၂၀၂၁) ၂၀၂၁ ခုနှစ်၊ အောက်တိုဘာလ (၂၇) ရက် ဆရာ၊ ဆရာမ၊ ဝန်ထမ်းများကို ဖိနှိပ်ခြိမ်းခြောက်လျက်ရှိသော  Non-CDMဝန်ထမ်းများ နှင့် ပတ်သက်၍ ကြေညာချက်  #WhatsHappeningInMyanmar https://t.co/wHM6HmxbgE	National Unity Government Ministry of Education Announcement No. (37/2021) 2021. On October 27th, Mr. teacher, Statement on non-CDM workers oppressing and threatening workers #WhatsHappeningInMyanmar https://t.co/wHM6HmxbgE
ရတနာပုံတက္ကသိုလ်အပါအဝင် နိုင်ငံအဝှမ်းရှိ အာဏာသိမ်းစစ်ကောင်စီလက်ပါးစေ သစ္စာဖောက်လောက်ကောင်များအား အမျိုးသားညီညွတ်ရေးအစိုးရ ပညာရေးဝန်ကြီးဌာနက ရာထူးမှ ထုတ်ပယ်။ (အမည်ဇယားများအား အောက်တွင် ကြည့်ပါ)  | ၂၀၂၁ခုနှစ် အောက်တိုဘာလ(၂၇)ရက် #WhatsHappeningInMyanmar https://t.co/7kct6T65Yl	The Ministry of Education of the National Unity Government dismissed the traitors of the coup military council across the country, including Yadanapa University. (See table of names below) | October 27, 2021 #WhatsHappeningInMyanmar https://t.co/7kct6T65Yl
https://t.co/yOWUp2bTNl	https://t.co/yOWUp2bTNl
အထက်တန်းစား ဖြစ်ခြင်း မဖြစ်ခြင်းဆိုတာ ချမ်းသာတာ ဆင်းရဲတာနဲ့ မဆိုင်ပါဘူး။ သင့်အနေနဲ့ ဓမ္မဘက်ကနေ ဘယ်လောက်ထိ ရပ်တည်နေလဲဆိုတဲ့အပေါ်မှာ လူ့လောကက အဆုံးအဖြတ်ပေးမှာပါ။ @htetmyataungmm https://t.co/twcmtQinvM	Being elite or not is not related to rich or poor. Humanity will judge you on how far you stand from the Dharma side. @htetmyataungmm https://t.co/twcmtQinvM
သွေးကြွေးမှာ ဆွေးနွေးစရာမရှိ မန္တလေးမြို့အခြေစိုက် တက္ကသိုလ်ကျောင်းသားသမဂ္ဂများ အပြည့်အစုံဖတ်ရန် - https://t.co/vWYDMiAZCn  #MDY_SUs #SpringRevolution #WhatsHappeningInMyanmar https://t.co/DQJLkE7n3P	There is no debate on blood debt Mandalay-based university student unions Read more - https://t.co/vWYDMiAZCn #MDY_SUs #SpringRevolution #WhatsHappeningInMyanmar https://t.co/DQJLkE7n3P
လွန်ခဲ့သောလများက ဆဲဗင်းဂျူလိုင်နေ့ ဆန္ဒထုတ်ဖော်ခြင်း။   @ydnbusu #7July #July7Coup https://t.co/Shdr8zKlof	Seventh of July protests months ago. @ydnbusu #7July #July7Coup https://t.co/Shdr8zKlof
၁၃၀၀ပြည့် အရေးတော်ပုံက သပိတ်မှောက် ဈေးချိုတော်၊ နွေဦးတော်လှန်ရေးရဲ့ သပိတ်မှောက် ဈေးချိုတော် (သို့မဟုတ်) မြန်မာ့သမိုင်းရဲ့ အမျိုးသားရေးလှုပ်ရှားမှုတွေမှာ ထိပ်တန်းက ပါဝင်ခဲ့တဲ့ မန္တလေးဈေးချိုတော်  #Zaycho_Mandalay #Burma https://t.co/Txcu90k1Yl	The 1300-year-old Uprising of the strike The strike of the Spring Revolution (or the Mandalay market) who participated in the national movements of Burma's history at the top #Zaycho_Mandalay #Burma https://t.co/Txcu90k1Yl
LGBT စာရေးဆရာမ မစောဟန်နွေဦး နှိပ်စက်ခံရမှုအပေါ် ကန့်ကွက်ရှုံချခြင်းနှင့် လူ့အခွင့်အရေးရရှိရေးအတွက် ပါဝင်ဆောင်ရွက်ကြရန် LGBT Union - Mandalay က တိုက်တွန်း။ @lgbtunionmdy @LgbtMyanmar  #WhatsHappeningInMyanmar https://t.co/8GS6b6aoEk	LGBT Union - Mandalay urges people to protest against the torture of LGBT writer Ma Sawhan Nyuu and participate in the pursuit of human rights. @lgbtunionmdy @LgbtMyanmar #WhatsHappeningInMyanmar https://t.co/8GS6b6aoEk
စိန်ဗေဒါ၏ အေးရေခင်းပတ္တလားသံ https://t.co/Fvk115rN93	Sein Beda's cold water bed https://t.co/Fvk115rN93
ဖက်ဆစ်အာဏာရှင်စနစ်သည် ကျွန်ုပ်တို့မျိုးဆက်တွင် နောက်ဆုံးဖြစ်ရမည်။  “သွေးကြွေးမှာ ဆွေးနွေးစရာမရှိ”  ပြည်သူ့ကာကွယ်ရေးတပ်မတော်ထဲသို့ဝင်ရောက် တာဝန်ထမ်းဆောင်နေသော မန္တလေးမြို့အခြေစိုက်တက္ကသိုလ်ကျောင်းသားများအတွက် ဂုဏ်ပြုပိုစတာ။  #MDY_SUs #PDF #WhatsHappeningInMyanmar https://t.co/0FZR4yWB1M	Fascist dictatorship must be the last in our generation. "There is no discussion of blood debt" Honorable poster for Mandalay city-based university students who joined the People's Defense Army and served. #MDY_SUs #PDF #WhatsHappeningInMyanmar https://t.co/0FZR4yWB1M
