https://t.co/KsWNVMhLYi  မင်းတို့ပြောတော့ မဲခိုးတယ်ဆို  ပြည်သူတွေကို ထွက်ကြည့်ပါအုံး  #အရေးတော်ပုံအောင်ရမည်  Photo Crd	https://t.co/KsWNVMhLYi When you say that if you steal the vote, let the people come out and see #ป้วัยตั่วิม Photo Crd
အားလုံးစုဝေး မတ်လတော်လှန်ရေး ရွှေမန္တလေးရဲ့ အရုဏ်ဦးသပိတ်  #crd_to_owner #အရေးတော်ပုံအောင်ရမည် #စစ်အာဏာရှင်စနစ်မုချကျရှုံးရမည် https://t.co/6RR3o9yR3x	Everyone gathers at the dawn strike of the golden mandala of the March Revolution #crd_to_owner #明雪是阿论 #活安主样机 must fail https://t.co/6RR3o9yR3x
@DrSasa22222 ဆရာ ရဲ့ကြိုးပမ်းအားထုတ်မှု အားလုံးအတွက်လေးစားဂုဏ်ယူပါတယ်။ ဆရာ ဆာဆာအထူးကျေးဇူးတင်ပါတယ်။  #အရေးတော်ပုံအောင်ရမည်💪💪	@DrSasa22222 Respect and honor for all your efforts. Thank you very much sir. #ป้วัยตั่ม่
လီးဘဲPNOတစ်သက်လုံးမကြေဘူးနိတို့ကြောင့်ပအိုဝ်းနံမည်ပျက်ရတယ်အသေဆိုးနဲ့သေပါစေ..စစ်ခွေးPNOအဘဘောမတွေ🖕မအေလိုးPNOချီးစားနဲ့PNOဦးနှောက်။ အသေဆိုးသေပါစေ🙏 Fuck PNOစစ်ခွေးPNOခွေးကျဆုံးကျစေ🙏🙏🙏  #အရေးတော်ပုံအောင်ရမည် ပုံ/ကယားပြည်ပအိုဝ်းလူငယ်  #crd https://t.co/k6NclljYID	PNO will not be crushed all his life. Let him die 🙏 Fuck PNO military dog ​​PNO dog fall 🙏🙏🙏 #ปีไลววัววั่ม้าววัวว/ตั่ม้าวั่ม้ายต้า #crd https://t.co/k6NclljYID
အမေစုမလွှတ်သေးဘူးနော်......ဘာကြောင့်ဘဲဖစ်ဖစ်ကျွန်တော်တို့ အတူလက်တွဲပြီး               #အရေးတော်ပုံအောင်ရမည် #ဘယ်သူခွဲခွဲတို့မခွဲ #အမြဲစည်းလုံးညီညွတ်မည်  #Save #myanmar	I still haven't let go of my mother...... why is it? Let's work together #ปีปิตัต้าวิว #บับคั้ายลับบัย #สี่วับคันที่ชัวย์ #Save #Myanmar
သူရဲကောင်းပြည်သူများအားလုံး ဂရုစိုက်ကြပါ။ တချက်မှအထိ မခံပါနဲ့။အောက်တန်းစားတွေဘဲအသက်ရှင်ကျန်ခဲ့ရင် ကျွန်စနစ်ကလွတ်လဲတိုင်းပြည်ကနောက်မှာဘဲကျန်ခဲ့အုံးမယ်။ #အရေးတော်ပုံအောင်ရမည်	All brave people take care. Don't let it get to one point. If only the lower classes survive, the country will be left behind after being freed from slavery. #ค้วัยตั่ม่
#တော်လှန်သီတင်းကျွတ် #CandleStrike  #ဆီမီးသပိတ် #ဓမ္မကို_ဂုဏ်ပြုပူဇော် #အဓမ္မကို_လောင်ကျွမ်း #စစ်အာဏာရှင်စနစ်_မုချကျရှုံးရမည် #အရေးတော်ပုံအောင်ရမည် https://t.co/DGkKEa4557	#สับต้าปิชับลับ #CandleStrike #สุชิชิตัย #บุชั่ม_บับต้าย #บัวัว_บัว่ #แทย่วิชิชิชิชิด_บับวิว #บียวับตัย https://t.co/DGkKEa4557
@MinKoNa90617857 နွေဦးတော်လှန်ရေး တိုက်ပွဲဝင်နေတဲ့ တစ်ယောက်ချင်းဆီ တိုင်းကို အရမ်းလေးစားမိပါတယ်။  https://t.co/pleN2FlRfN  #အရေးတော်ပုံအောင်ရမည်	@MinKoNa90617857 I have great respect for everyone fighting in the Spring Revolution. https://t.co/pleN2FlRfN #ป้วไทยตั่ม่
@MsHarrietSays အာဏာရှင်စိတ်က လူတကာကိုနှိပ်စက်ရမှ ကျေနပ်တာ   အမြစ်ဖြုတ်ရမှာ  သွေးမအေးဘူး #အရေးတော်ပုံအောင်ရမည်	@MsHarrietSays The tyranny of oppressing people has to be rooted out.
စစ်အာဏာရှင်စနစ်ကို အမြစ်ဖြတ်ဖို့ ကျောင်းမတက်ပဲ မိမိတတ်ကျွမ်းရာပညာတွေကို လက်ဆင့်ကမ်းကြရအောင်ပါ  #အရေးတော်ပုံအောင်ရမည်	Let's pass on our knowledge and skills without going to school to root out the military dictatorship.
ညီနေရောပဲ မသာတွေဗျာများနေလိုက်  မကြောက်ကြနဲ့  မြေနီကုန်း၊စမ်းချောင်း၊လှည်းတန်း၊အင်းစိန်၊ပလာဇာ၊တခြားမြို့နယ်‌တွေအကုန်ရင်ဘတ်ချင်းတူတယ်နော် ပြိုင်တူတွန်းလျှင်ရွေ့နိုင်ပါတယ်  #အရေးတော်ပုံအောင်ရမည် https://t.co/0ODGzDVl5j	Don't be afraid of all the odds, but don't be afraid of Nini Kone, Stream, Khloe Tan, Insein, Plaza, and other townships. If we push together, we can move.
အဲဒါကြောင့် စိတ်ပင်ပန်း အရမ်းမခံကြပါနဲ့နော်  အားတင်းထားပါ မြန်မာပြည်ကြီးရေ  #အရေးတော်ပုံအောင်ရမည်	That's why, don't get too tired, stay strong, Myanmar #ปีไล้วิตัวย่
မုန့်လုံးရေပေါ် ဘယ်လောက်ပဲ ဆူနေပါစေ၊ ငါတိူ့ အပေါ်ရောက်အောင်တက်မယ်။  #အရေးတော်ပုံအောင်ရမည်	No matter how hot the bread is, I will climb to the top. #ค้วัยตั่ม่
ဖမ်းဆီးခံရမှုတွေဖြင့် ဖိနှိပ်ခံနေရသော ရန်ကုန်သပိတ်စစ်ကြောင်းတွေဟာ ယနေ့အထိ အင်အားကောင်းကောင်းဖြင့်အာဏာရှင်ကိုတော်လှန်နေဆဲပါပဲ. #အရေးတော်ပုံအောင်ရမည် https://t.co/cSeUqkFmlI	The Yangon picket lines, which have been oppressed by arrests, are still resisting the dictator with a strong force to this day. #สี่วัววั้ว https://t.co/cSeUqkFmlI
တော်လှန်ရေးကို ဆန့်ကျင်နှောက်ယှက်သူမှန်သမျှ ပြည်သူတစ်ရပ်လုံးက  ဝိုင်းဝန်းဆန့်ကျင်ကြ။  #စစ်အာဏာရှင်စနစ်ကျဆုံးရမည် #အရေးတော်ပုံအောင်ရမည်	Anyone who opposes the revolution is opposed by the entire people. #The military regime must be overthrown
ကချင်စစ်ဘေးရှောင်ပြည်သူတွေဆီက မြို့ပြ ပြည်သူတွေအတွက် မေတ္တာစကားသံတွေပါ။  #အရေးတော်ပုံအောင်ရမည်  #ဖက်ဒရယ်ဒီမိုကရေစီနိုင်ငံသစ်ဆီ https://t.co/POyWzBqrnl	Words of love for the urban people from the people who fled the war in Kachin. #ปีปลับตัววั่มือ #New federal democratic country https://t.co/POyWzBqrnl
#‌တော်လှန်သီတင်းကျွတ် #CandleStrike #ဆီမီးသပိတ် #ဓမ္မကို_ဂုဏ်ပြုပူဇော် #အဓမ္မကို_လောင်ကျွမ်း #စစ်အာဏာရှင်စနစ်_မုချကျရှုံးရမည် #‌အရေးတော်ပုံအောင်ရမည် https://t.co/VU5puno7Zl	#​​​​​​​​​​​​​​​​​​​​​​​​​​​​​​​​​​​​​​​​​​​​​​​​​​​​​​​​​​​​​​​​​​​​​​​​​​​​​​​​​​​​
တာမွေအိုးရှင်းမှာ ပိတ်မိခဲ့တဲ့ ကျန်​ေတာ်တို့ အားလုံးဘေးကင်းစွာ ပြန်ရောက်ပါပြီ။ #အရေးတော်ပုံအောင်ရမည်	The rest of the people who were trapped in Tammu Ohsing have all returned safely. #ค้วัยตั่ม่
အင်းယားကန်ဘောင်မှာနှင်းဆီပန်းအဖြူအိုးလေးတွေအများကြီးတွေ့တယ်အိုးတိုင်းမှာ  #နွေဦးတော်လှန်ရေးကျဆုံးသွားသော #အာဇာနည်သူရဲကောင်းများအားဂုဏ်ပြုဦးညွှတ်ပါသည်  #အရေးတော်ပုံအောင်ရမည်"  ဆိုတဲ့စာရွက်လေးတွေပတ်ထားတယ်စနစ်တကျလေးလုပ်ထားလို့လေးစားဂုဏ်ယူမိနွေဦးတော်လှန်ရေးမုချအောင်ရမည် Crd https://t.co/1dy8oI4eUj	I saw a lot of white rose pots at the Inya Lake. Every pot has a small paper that says #ชีไลับตัวย่าย" wrapped around it. I am proud of it because it was done in a systematic way. I am proud that the Spring Revolution will definitely win. Crd https://t.co/1dy8oI4eUj
သည်စာလေးကိုဖတ်မိချိန်တိုင်း ခွန်အားပြန်ရစေပါတယ်။ #စစ်အာဏာရှင်စနစ်ကျရှုံးပါစေ  #အရေးတော်ပုံအောင်ရမည် #ပြည်သူ့ရဲ့တပ်မတော်မဟုတ် #တိုင်းပြည်ရဲ့တပ်မတော်မဟုတ်	Every time I read the letter, I regain strength. #이스트이이스트니다니다 #이현이이트 #이트이트라이이이 #이트이트이스라이
ဝတ်ချင်ရာဝတ်မယ် မုဒိန်းလာမကျင့်နဲ့  ရန်ကုန်မြို့ တနေရာမှ ❤  #အရေးတော်ပုံအောင်ရမည် https://t.co/c0nEXIjmLw	I'll wear what I want to wear. Don't be rude and come from anywhere in Yangon ❤ #ปีไทยตั่วิตั้น https://t.co/c0nEXIjmLw
https://t.co/tqiH08ziB7 သပိတ်စစ်ကြောင်းကိုတွေ့ရင် အိမ်စီးကားများမှန်ချမောင်းပေးပါကားမှန်တွေတင်မောင်းနေကြတော့ခွေးကားနဲ့လူကားခွဲရခက်လို့ပါ ၊ ပူးပေါင်းပါဝင်ပေးကြပါဗျာ🙏🙏🙏 စစ်ကြောင်းတွေအတွက်အန္တာရယ်အရမ်းကြီးလို့ပါ🙏🙏🙏 #အရေးတော်ပုံအောင်ရမည် https://t.co/FADawMm16k	https://t.co/tqiH08ziB7 If you see a picket line, please drive your cars straight down. Please join us 🙏🙏🙏 Because there is so much fun for the column 🙏🙏🙏 #지현이이이이 https://t.co/FADawMm16k
၃၁/၀၃/၂၀၂၁ ပဒုမ္မာလမ်း၊ စမ်းချောင်း  တို့ပြည်သူတွေ ညီရဲ့လားဟေ့   #အရေးတော်ပုံအောင်ရမည် https://t.co/PQAtCP93jk	31/03/2021 Paduma Road, Are the people of Sanchao together together?
ငါ့တို့တောမှာ ဒီလိုရှိတယ်😂  #စစ်အာဏာရှင်စနစ်အလိုမရှိ #စစ်အာဏာရှင်စနစ်ကျရှုံးပါစေ #နွေဦးတော်လှန်ရေး #အရေးတော်ပုံအောင်ရမည် https://t.co/scNoQSistS	I have this in my forest😂 #活安主研究成正可 #活安主研究最事#泵滑气代 #更集校明是 https://t.co/scNoQSistS
၃၁/၀၃/၂၀၂၁ အင်းစိန်၊ ပေါက်တော၊ တာဝ  တို့ပြည်သူတွေညီရဲ့လားဟေ့  #အရေးတော်ပုံအောင်ရမည် https://t.co/vj6eoL83bA	31/03/2021 Insein, forest Are the people of Tawa together?
#အရေးတော်ပုံအောင်ရမည် # စစ်အာ ဏာရှင်စနစ် မုချ ကျရှုံးပါစေ https://t.co/WXW1SqfwwZ	#ปีปับต้าวั่ม่ # May the military dictatorship fail https://t.co/WXW1SqfwwZ
မနက်ဖြန်ဆိုတာ “တပ််မတော်နေ့” မဟုတ်ပါ  ပြည်သူတွေအတွက်တော့”တော်လှန်ရေးနေ့” ဖြစ်သည်  #အရေးတော်ပုံအောင်ရမည် https://t.co/tuctM1CPGP	Tomorrow is not "Army Day" for the people, it is "Revolutionary Day" #ปีไทยตั่วับ https://t.co/tuctM1CPGP
အားလုံးပဲ ဂွတ်နိုက်ပါဗျာ.. အာကျယ်တဲ့ ခွေးတိုးပေါက်က ဝင်ချင်တဲ့ကောင်တွေကလွဲရင်..  #အရေးတော်ပုံအောင်ရမည် https://t.co/BvY6EIwfHq	Good night everyone.. except for those who want to enter the wide dog hole.. #ชี่คัววั่ม่ว https://t.co/BvY6EIwfHq
ကျဆုံးသွားသော ရဲဘော်အပေါင်းတို့အား ဂုဏ်ပြုဆုတောင်းပွဲ  #အရေးတော်ပုံအောင်ရမည် #ရေဦးမြို့ (၁၂/၃/၂၀၂၁) https://t.co/sB7LleaXbO	Tribute to all fallen soldiers #ป้วไลวิวิวิวิว #คัววิย (12/3/2021) https://t.co/sB7LleaXbO
တော်လှန်ရေးက နှလုံးသားမှာရှိတာ သူတို့ မသိကျဘူး  ...  #အရေးတော်ပုံအောင်ရမည် https://t.co/MImhRJLRQL	They don't know that the revolution is in the heart...
ကျက်သရေရှိလိုက်တာနော် အောင်အတိတ်အောင်နိမိတ်ကြောင့် ဒီနေ့ငါတို့အရေးတော်ပုံအောင်မြင်မှာအသေအချာပါ  #အရေးတော်ပုံအောင်ရမည်  #စစ်အာဏာရှင်အမြန်ကျဆုံးစေရမည် #Feb22Coup https://t.co/pV35QU4PRn	It's a charm, because of the sign of victory in the past, we are sure that our uprising will be successful today.
၃၁/၀၃/၂၀၂၁  မောင်းမကန်လမ်းမကြီး၊ တောင်ဒဂုံ  အဆင်သင့်လမ်းဘေးထွက်စောင့်နေတာနော် 🙏🏻🙏🏻  #အရေးတော်ပုံအောင်ရမည် https://t.co/EAgZCP4zBm	31/03/2021, Moungmakan Road, I'm waiting on the side of the road to get ready for Taungdagon 🙏🏻🙏🏻 #ชีไป้ววัวย่าย https://t.co/EAgZCP4zBm
ရုံးတတ်နေတဲ့သူတွေထက် 👎  တန်ဖိုးရှိသောပြည်သူ ❤  #အရေးတော်ပုံအောင်ရမည် ✊ https://t.co/qZzm5RjvKT	👎 People who are more valuable than those who are in office ❤ #지현이이이 ✊ https://t.co/qZzm5RjvKT
ရဲနဲ့စစ်သားများက မန်းတလေးမြို့တွင် ပြည်သူများတပ်ထားသော CCTV များဖျက်ဆီးနေပုံ😢 #အရေးတော်ပုံအောင်ရမည်💪 https://t.co/22VQ1PFCpC	The police and soldiers are destroying the CCTV installed by the people in Mantalay 😢 #ปีไทยตั่วั่วิว💪 https://t.co/22VQ1PFCpC
ကိုယ်ခံအားကောင်းအောင်အိပ်ရေးဝဝအိပ်ကြပါရှင့်  မနက်ဖြန်ရှေ့ဆက်ရမဲ့လမ်းတွေအတွက် အားဖြည့်ကြရအောင်  Good Night #အရေးတော်ပုံအောင်ရမည် https://t.co/mkP8fdhfjS	Let's get enough sleep to strengthen our immune system, let's fill up for tomorrow's road ahead.
ဂုဏ်ပြုပြီးရေးသော ကဗျာ သို့မဟုတ် စာ.... #စစ်အာဏာရှင်ကျဆုံးရမည် #အရေးတော်ပုံအောင်ရမည် https://t.co/UiLLcq9JNU	A poem or a letter written in honor...
မြန်မာပြည်ကြီး စစ်အာဏာရှင်စနစ်မှ အမြန်ဆုံး လွတ်မြောက်နိုင်ကြပါစေ 🙏🙏🙏#အရေးတော်ပုံအောင်ရမည် 💪💪💪 https://t.co/njKYpBn6PZ	Let's get rid of the military dictatorship in Myanmar as soon as possible 🙏🙏🙏 #சிர்தியுக்காயுக்கு 💪💪💪 https://t.co/njKYpBn6PZ
မြန်မာလူငယ်တွေကိုအကျင့်မကောင်းဘူးဆဲတယ်ပဲပြောနေကြလို့-ဟုတ်ပါတယ် ကျမတို့တွေသန်းရွှေခေတ်မှာMy fatherisUBaနဲ့ကြီးလာရလို့ အများကြီးမတွေးခေါ်တတ်ကြတော့ဘူး။Philosophy သင်ရမယ့်အစားယိုးဒယားမုန်းတီးရေး/မြက်နှုတ်ခဲ့ရတယ်။ဒါကြောင့်ဒီစနစ်ဆိုးကိုနိုင်အောင်တိုက်မှာပါ။ #အရေးတော်ပုံအောင်ရမည်	Because they still tell Burmese youths that their behavior is bad - yes, we grew up with My fatherisUBa during the Than Shwe era, so they don't think much. Instead of philosophy, you got hatred for the Thai people/were uprooted. Therefore, we will fight this evil system. #ค้วัยตั่ม่
အာဏာသိမ်းတာသီနေ့နဲ့ဆို ရက်(200)တောင်ပြည့်ပီပဲ....... နိုင်ငံအတွက်အသက်ပေးဆပ်ခဲ့တဲ့ သူရဲကောင်းတွေအတွက်လဲအမြဲဂုဏ်ယူနေဆဲပါ🙏 #စစ်အာဏာရှင်ကျရှုံးပါစေ #အရေးတော်ပုံအောင်ရမည်	It's been 200 days since the coup d'état.......I'm always proud of the heroes who sacrificed their lives for the country🙏
သင်ကြောက်နေရင်  သင့်ဘာသာနေပါ💢  သူများကိုလိုက်  🚫မကြောက်ခိုင်းပါနဲ့🚫  crd  #အရေးတော်ပုံအောင်ရမည် https://t.co/gwsB4fny1H	If you're scared, stay on your own💢 follow others 🚫don't tell them to be scared🚫 crd #ชีไทยตั่วย่า https://t.co/gwsB4fny1H
@Voaburmese ဆန္ဒပြသူအားလုံးကို အထူးပဲလေးစားပါတယ်။ အောင်မြင်တဲ့ထိဆက်လက်တိုက်ပွဲဝင်ထောက်ခံပါတယ်။ #အရေးတော်ပုံအောင်ရမည်  #စစ်အာဏာရှင်ကျဆုံးပါစေ	Special respect to all @Voaburmese protestors. Support to continue fighting until successful. #ชียัยตั่ม่าย์ #Let the dictator fall
စိတ်ဓာတ်တွေကျနေလို့ twitter ဘက်မလှည့်ဖြစ်ခဲ့ဘူး..လုပ်ပေးနိုင်တာလည်းဘာမှမရှိတော့ တာဝန်မကျေဘူးခံစားနေရတာအတော်ကြာပီ..tweet လောက်တောင်မလုပ်နိုင်ဘူးလားဆိုပီး.အားတင်းပီးပြန်လာခဲ့ပီ❤💪 #အရေးတော်ပုံအောင်ရမည်	I didn't turn to twitter because my mood was down.. I can't do anything anymore. I've been feeling like I'm not fulfilling my responsibilities for a long time.. I can't even tweet. I'm coming back with strength ❤💪
အကြမ်းဖက်စစ်အာဏာရှင် ချေမှုန်းရေး ဆားလင်းကြီးမြို့နယ်သပိတ်စစ်ကြောင်း  #အရေးတော်ပုံအောင်ရမည် #ဆန္ဒပြ #Mizzima https://t.co/upF6ipxepQ	Sar Lingyi Township picket line to defeat the terrorist dictator #ปีปับตัวยลับ #ป้าวิ #Mizzima https://t.co/upF6ipxepQ
၃၁/၀၃/၂၀၂၁ ကျောက်မြောင်း၊ ရန်ကုန်  တို့ပြည်သူတွေညီချက် ✊🏻✊🏻  #အရေးတော်ပုံအောင်ရမည် https://t.co/mna3kqamvl	31/03/2021 Kyauk Suri, The unity of the people of Yangon ✊🏻✊🏻 #ชี่คัววัวตั่ว https://t.co/mna3kqamvl
ယနေ့ အထက်မြန်မာပြည် ကျေးရွာတစ်ခုမှ ညနေခင်းသက်ကြီးသပိတ် #အရေးတော်ပုံအောင်ရမည်  #crdjoe https://t.co/7t0Bgza2OU	Today, a village in Upper Myanmar went on strike in the evening.
16.3 2021 လိူင်သာယာ  မနေ့ကသွေးကြောင်းစီးသွားလို့တွန့်ဆုတ်သွားမယ်ထင်ရင်မှားသွားလိမ့်မယ် 💪💪💪  #အရေးတော်ပုံအောင်ရမည်	16.3 2021 If you think that I will hesitate because my blood flowed yesterday, I will be wrong 💪💪💪
အသံလည်းမတိတ်ဘူး အလံလည်း မလိပ်ဘူး  မုံရွာပင်မသပိတ်စစ်ကြောင်း #Apr8Coup #အရေးတော်ပုံအောင်ရမည် https://t.co/QAUTmOL9zL	The sound will not be silenced, the flag will not be rolled up, Monywa main strike column #Apr8Coup #ปีไทยตั่วั่ https://t.co/QAUTmOL9zL
@ThetHnin103 မြင်ရတာ စိတ်မကောင်းစရာဖြစ်ပေမယ့် လက်နက်ကိုင်လက်ကလွတ်တဲ့အတွက် ဝမ်းသာပါတယ်။ #အရေးတော်ပုံအောင်ရမည်	@ThetHnin103 Sad to see but glad it was out of armed hands. #ค้วัยตั่ม่
#ဖက်ဆစ်တော်လှန်ရေးနေ့ #ပြည်သူ့တော်လှန်ရေးနေ့ #အရေးတော်ပုံအောင်ရမည် 27-3-2021 ကနီမြို့နယ် ပြည်သူလူထု https://t.co/is2vKsnyks	#하사자이스반 #이트라이트바이부 #이현이이이이 27-3-2021 Kani Township public https://t.co/is2vKsnyks
အားလုံးညီစေနော်  အရေးတော်ပုံ .....အောင်ရမည်💪💪💪     #ကရင်သွေး #အရေးတော်ပုံအောင်ရမည်  #အားလုံးညီပါစေ https://t.co/2o4Hhf2VqM	Let's all be united, let's be equal..... We will win 💪💪💪 #Kắrọọ #ềọềọọọọọọ #ạọọọọ https://t.co/2o4Hhf2VqM
@theohtet ကျွန်တော်ပဲထိသလားမှတ်တယ် ကျွန်တော့်လို ထိတဲ့သူတွေရှိသား။ 😃 #အရေးတော်ပုံအောင်ရမည်	@theohtet I'm the only one who remembers that there are people like me. 😅
ရာသီဥတုဘယ်လောက်ပဲဆိုးဆိုး တော်လှန်ရေးရဲ့ အမှတ်သားဟာ လမ်းမပေါ်မှာပဲ။ #အရေးတော်ပုံအောင်ရမည် https://t.co/5zWdJ5XCB5	No matter how bad the weather is, the mark of the revolution is on the road. #สี่วัววั้ว https://t.co/5zWdJ5XCB5
သန်းခေါင်ထက် ညဉ့်မနက်တော့ပါဘူး  အားတင်းထားပါ မြန်မာပြည်ကြီးရေ  #အရေးတော်ပုံအောင်ရမည်	It's no later than midnight, stay strong, Myanmar #ป้วไลวิตั่ว
မြန်မာပြည်သူတွေက နှစ်၆၀ ကျော်ခံစားပြီး၍ ထပ်မခံနိုင်တော့ပါ #အရေးတော်ပုံအောင်ရမည်	Burmese people have suffered for more than 60 years and can't take it anymore
ပြေးရင်းလွှားရင်းနဲ့ တတ်နိုင်သလောက် အလှူလေး လုပ်ဖြစ်တယ် #အရေးတော်ပုံအောင်ရမည် https://t.co/aclHHX41eD	While running, I donate as much as I can.
နန်းဆန်ဖို့ ပန်းပန်မှာမဟုတ်ဘူး တွန်းလှန်ဖို့ ပန်းပန်မှာ  #အရေးတော်ပုံအောင်ရမည် https://t.co/K8XB08Snjl	It's not a flower to win the throne, it's a flower to resist #ปีไลวั่วั่ https://t.co/K8XB08Snjl
အားတင်းထားပါ ရွှေမန်းလေး စစ်ဘီလူးတွေ ကျဆုံးချိန်တန်ပါပီ #အရေးတော်ပုံအောင်ရမည် https://t.co/iMQJIihPeC	Stay strong, Shwe Man, it's time for the war giants to fall.
ဥပဒေကို ဖင်ခုထိုင်ထားတဲ့ အာဏာရူးတွေ အမြစ်ပြုတ်ရမယ် #အရေးတော်ပုံအောင်ရမည်	The power-mad people who sit on the law must be rooted out
အမေရိကန်မှာသမ္မတဒေါ်နယ်လ်ထမ့်ပ်ကိုသတင်းဌာနတွေကသူတို့ကိုအကြိမ်ကြိမ်လိမ်ညာခဲ့တဲ့အတွက် နောက်ပိုင်းမှာသတင်းသမားတွေကထမ့်ပ်ကိုရှောင်ကြဥ်ခဲ့ကြတယ်။ယခုအခါသတင်း၊မီဒီယာသမားတွေလည်းဒီနည်းလေးနဲ့CDMမှာ ပါဝင်ပေးစေလိုပါတယ်။ #စစ်အာဏာရှင်စနစ်ကျရှုံးပါစေစေ။ #အရေးတော်ပုံအောင်ရမည်။ https://t.co/X7m7kTMgIG	In the United States, because the media lied to President Donald Trump many times, journalists later avoided Trump. Now, I want news and media people to participate in CDM in this way. #Let the dictatorship fail. #Must have a good image. https://t.co/X7m7kTMgIG
တချို့တွေမှာ အတ္တတွေနဲ့  တချို့တွေက ဘဝတွေပျက်လို့  #အရေးတော်ပုံအောင်ရမည်	Some have lost their egos and some have lost their lives
လူမဟုတ်တဲ့ အကောင်တွေမို့ အဆုံးထိ ယုတ်မာကြဦးမှာပါ #အရေးတော်ပုံအောင်ရမည်	Since they are non-human animals, they will continue to be mean until the end
သပိတ်တွေကို လမ်းနေရာအတိကျ မတင်ခြင်းဖြင့် ကူညီပါ #အရေးတော်ပုံအောင်ရမည် https://t.co/1YYidlUHAr	Help the pickets by not posting the exact location of the street #ปีไทยตั่วิต https://t.co/1YYidlUHAr
နွေဦးတော်လှန်ရေးဆိုတဲ့ အလံကို အားလုံးတစ်စုတစ်စည်းထဲကိုင်ကြရအောင်ပါ #နွေဦးတော်လှန်ရေး #အရေးတော်ပုံအောင်ရမည် https://t.co/faTAudzUiH	Let's all hold the flag of the spring revolution in one group.
အကြမ်းဖက်စစ်အာဏာရှင် ချေမှုန်းရေး လက်ပံတောင်းတောင်မြို့နယ်သပိတ်စစ်ကြောင်း  #အရေးတော်ပုံအောင်ရမည် #ဆန္ဒပြ https://t.co/iHg0ywjLhI	Lepan Taung Taung Township picket line to defeat the terrorist dictator #ปีไลยตัวย่าวิ #ป้าย https://t.co/iHg0ywjLhI
အကြမ်းဖက်စစ်အာဏာရှင် ချေမှုန်းရေး လက်ပံတောင်းတောင်ကျေးရွာသပိတ်စစ်ကြောင်း  #အရေးတော်ပုံအောင်ရမည် #ဆန္ဒပြ https://t.co/l8ulWB3krX	Leppangtaung village picket line to defeat the terrorist dictator #ปีไทยตั่มวั่ #ป้าย https://t.co/l8ulWB3krX
ပညာရေး စစ်ကြောင်း ကြက်ဥသပိတ် တော်လှန်ရေး #အရေးတော်ပုံအောင်ရမည် https://t.co/oShxcVReDF	Education Column Egg Strike Revolution #ป้วไลวั่วิ https://t.co/oShxcVReDF
အကြမ်းဖက်စစ်အာဏာရှင် ချေမှုန်းရေး ဆားလင်းကြီးမြို့နယ်သပိတ်စစ်ကြောင်း  #အရေးတော်ပုံအောင်ရမည် #ဆန္ဒပြ https://t.co/HUf6tFZRDW	Sar Linggyi Township picket line to defeat the terrorist dictator #ปีไป้ววัยวิด #ป้าวิ https://t.co/HUf6tFZRDW
လူနေရပ်ကွက်ကို မီးကွင်းကိုပစ်နေပါတယ်  မအေဘေးတွေက။              #အရေးတော်ပုံအောင်ရမည်            #စစ်အာဏာရှင်ကျရှုံးရမည် https://t.co/tGXgJ8qWS0	They are throwing a ring of fire at the residential area. #ป้วัยตั่ม่มัว #ที่ตัวิต้าวิ่มื้อ https://t.co/tGXgJ8qWS0
ပျူစောထီး မှ ပျူစောဖိနပ် သို့။  #အရေးတော်ပုံအောင်ရမည်	From Pyu Saw Hat to Pyu Saw Shoes. #ค้วัยตั่ม่
#အရေးတော်ပုံအောင်ရမည် #အာဏာရှင်စနစ်အမြစ်ဖြုတ်နိုင်မည် #အဓမ္မဝါဒီမျိုးဆက်တွေပျက်ဆီးကြမည် #ဓမ္မတရားကအနိုင်ရမည် #အမျိုးဘာသာသာသနာမှန်စွာထွန်းတောက်လာမည် https://t.co/NbBcE9BQsF	#ป้วปับตั้นสั่ม่ #ต้าว้วิตัวยัดแต่วิ่วิว #ตั้ว่วิวิต้าวิวิวิวิวิวิวิวิวิที่ will be destroyed.
ပညာရေး သပိတ်စစ်ကြောင်း #အရေးတော်ပုံအောင်ရမည်  #နွေဦးတော်လှန်ရေး #ဒီမိုကရေစီရရှိဒို့အရေး https://t.co/OnacBePo6u	Education strike column #สี่คับสัวยวัย #แล้วสี่ย้า #มุุทั่ม่วิดดิชี https://t.co/OnacBePo6u
Tweet no.2 မိမိရဲ့စိတ်ကျန်းမာရေးကိုယ်ကျန်းမာရေးကိုလဲဂရုစိုက်ရင်းတတ်နိုင်တဲ့ဖက်ကအာဏာရှင်ကိုဆန့်ကျင်ကြရပါမယ်ဘေးပါတ်ဝန်းကျင်ကအသိမိတ်ဆွေတွေကိုလည်းအားပေးစကားပြောပါ။ စိတ်ဓါတ်ခွန်အားနဲ့ရှေ့ဆက်ကြရမဲ့အချိန်ရောက်နေပါပြီ။✊ #အရေးတော်ပုံအောင်ရမည်	Tweet no.2 Take care of your own mental health and stand up to the tyrant if you can. It's time to move forward with mental strength.✊
လှည်းတန်းဝိဉာဉ်သပိတ် ငြိမ်းချမ်းစွာ ဆန္ဒပြနေသည်တဲ့ ဘယ်လိုတွေရင်နာရလည်းကွယ်😔😔😔                                      #အရေးတော်ပုံအောင်ရမည် https://t.co/dZZbWbnxOm	The cart line spirit strike is peacefully protesting how it hurts 😔😔😔😔
May 2 မှာအပြင်ထွက်ပြီးတိုက်ပွဲဝင်မလာကိုယ်လူတို့။ကောက်ရိုးမီးလောင်တဲ့တဲ့လူတွေမဟုတ်ကြောင်းသက်သေပြမယ်💪                                    #အရေးတော်ပုံအောင်ရမည်                 #ကြောက်ခေတ်ကိုမှောက်ပစ်ကြ	Don't go out and fight on May 2, people. I will prove that you are not a straw man.
ဘယ်​တော့မှထားမသွားဘူး ရန်ကုန်  အားတင်းထားပါ​နော်  #အာဏာရှင်ကျဆုံးပါစေ  #အရေးတော်ပုံအောင်ရမည် https://t.co/K3KgGMEBNn	I will never leave Yangon. Stay strong. #ป้าคื่ว้วิวิวิว #ชับคับตั้น
ကလေးမြို့သွေးမြေကျသွားပီ😭😭😭 ကျဆုံးသွား​ေသာအာဇာနည်သူရဲကောင်းများ ကောင်းရာသုဂတိလားပါစေ #ကမ္ဘာမကြေဘူး #အရေးတော်ပုံအောင်ရမည်	The blood of the city has fallen to the ground 😭😭😭 May the fallen martyrs and heroes rest in peace.
၃၁/၀၃/၂၀၂၁  လှိုင်သာယာ  နောက်မဆုတ်ဘူး သွေးမအေးဘူး  #အရေးတော်ပုံအောင်ရမည် https://t.co/4a4yGrL9v8	31/03/2021 Hlaing Thayar won't back down, he's not cold-blooded.
မန္တလေးအတွက် ချက်ခြင်းလမ်းပေါ်ရောက်လာတဲ့   ရန်ကုန်သူရန်ကုန်သားတွေရဲ့အင်အား 💪🏻❤️ #အရေးတော်ပုံအောင်ရမည် https://t.co/AI44xVrZ4v	The strength of the Yangon people who immediately arrived on the road to Mandalay 💪🏻❤️ #ปีไลวับตัวย่า https://t.co/AI44xVrZ4v
ငါတို့လမ်း  ငါတို့မြို့ ငါတို့ပိုင်တယ်💪👏👏  #အရေးတော်ပုံအောင်ရမည်  #ငါတို့နိုင်ကိုနိုင်ရမည် https://t.co/Ucx5oPMo54	Our road, our city is ours 💪👏👏 #ปีไลวั่วิวิ่มือ #คับชัวติต้าย https://t.co/Ucx5oPMo54
ဒီနှစ်လဲ ကျနော့်အတွက်က တော်လှန်သင်္ကြန်ပါဘဲဗျာ ✊✊✊ #အရေးတော်ပုံအောင်ရမည် https://t.co/qqtXzJeJyt	This year is a revolutionary Thingyan for me ✊✊✊ #ชีไลั่วิมตั้น https://t.co/qqtXzJeJyt
###၂ရက်မြောက်နေ့ချောမွှေ့စွာအိမ်ပြန်ရောက်ရှိ..... ####အေးဆေးတည်​ငြိမ်စွာဆန္ဒဖော်ထုတ်ခဲ့ကြတဲ့မန်းသူမန်းသားများအားလုံးကျေးဇူးအထူးပါ  #အရေးတော်ပုံအောင်ရမည်  #အာဏာရူးအစိုးရအလိုမရှိ  #နိုင်ငံတော်သမ္မတသည်ဦးဝင်းမြင့်ဖြစ်သည်။ https://t.co/jjPJVNgdvm	###Returned home sweetly on the 2nd day..... ####Thank you very much to all the people of Man Thu Man who rallied calmly #ปีไลยตัวย้าย่ #ป้ายรีแที่คุ่วิต้า #The President of the country is U Win Myint. https://t.co/jjPJVNgdvm
အဆုံးထိ အောင်ပွဲခံတဲထိ လက်တွဲ ဆက်လျှောက်မယ်... #အရေးတော်ပုံအောင်ရမည်	We will continue to walk together to the victory tent until the end
သင်္ကြန်အကြိုနေ့  မန္တလေး 💪😍 #အရေးတော်ပုံအောင်ရမည်  #တော်လှန်သင်္ကြန်	Day before Thingyan Mandalay 💪😍 #ปีไป้ววัววัยว #ปับต้าแต่ม่ม่
တနိုင်ငံလုံးရဲရဲနီခဲ့တာကို..ထပ်ပီးကမ္ဘာကြီးက👁️👁️ရအောင်၊ မြန်မာ့သွေးတွေ, ရဲရဲနီနေရတဲ့၊ အချိန်တွေပါ😔  #အရေးတော်ပုံအောင်ရမည်✊👊	The whole country was red. Burmese blood, red blood, It's time 😔 #ปีไทยตั่มี่ ✊👊
❗❗❗ မန္တလေးအတွက်ph bill လိုအပ်ရင်အကူအညီတောင်းနိုင်မဲ့ဟာလေးတွေစုပေးထားပါတယ် #အရေးတော်ပုံအောင်ရမည်   https://t.co/evYwzETtMf  https://t.co/uAEPqU2IYy  https://t.co/J2B1VnGKWB  https://t.co/op156tXXIH  https://t.co/Tauqklw5qz  https://t.co/aZW7mHGBTx  https://t.co/vNoEtWCavs	❗❗❗ If you need a ph bill for Mandalay, we have collected a few things that you can ask for help #ชี่ลัววัววั่ม่ https://t.co/evYwzETtMf https://t.co/uAEPqU2IYy https://t.co/J2B1VnGKWB https://t.co/op156tXXIH https://t.co/vYwzETtMf .co/Tauqklw5qz https://t.co/aZW7mHGBTx https://t.co/vNoEtWCavs
အားလုံးကို ဖြည်းဖြည်းချင်းပြန် follow ပေးပါ့မယ်ရှင့် #အရေးတော်ပုံအောင်ရမည်	I will follow everyone back slowly #지현이이이이
#day58 ကြောက်တက်ရင် ဒီမိုကရေစီသည် ငါဒို့နဲ့မတန်ပါ #အရေးတော်ပုံအောင်ရမည် https://t.co/jymN7yrJJs	#day58 If I'm scared, democracy is not worth me #ป้วไทยตั่ https://t.co/jymN7yrJJs
ငါလေဒီမြေမှာ ခုနှစ်နှစ်……  မအလမသေမခြင်း မပြန်ဘူးဟေ့…..  #အရေးတော်ပုံအောင်ရမည်……	I've been in this land for seven years... I won't return without death...
@HlwarEi သူရဲကောင်းတွေရဲ့စာလုံးတစ်တိုင်းက ရင်ထဲ တကယ်ထိတယ် #အရေးတော်ပုံအောင်ရမည်။	@HlwarEi every word of the heroes really touched my heart #ปีปับตัยตั้น
@cvdom2021 ဂုဏ်ယူပ့တယ်၊ ပါဝင်သူတစ်ဦး တစ်ယာက်ချင်းစီကိုလည်းလေးစားပါတယ် #အရေးတော်ပုံအောင်ရမည်	@cvdom2021 proud, I respect each and every one of the participants
ဘယ်သူခွဲခွဲ ဒို့မကွဲ အမြဲစည်းလုံးမည်။ ❤️❤️❤️ #အရေးတော်ပုံအောင်ရမည် https://t.co/jouFlNH3Kk	Whoever divides will never be divided, we will always be united. ❤️❤️❤️ #สี่วิวัววั่ https://t.co/jouFlNH3Kk
@pyaezone "အလကားနေရင်း သေပေးရမှာပိုကြောက်နေတဲ့သူ အယောက်၁သိန်းမကရှိမှာပါ" #အရေးတော်ပုံအောင်ရမည်	@pyaezone "There are more than 100,000 people who are more afraid of dying for free"
👨🏻ကျွန်တော်တို့သည် 👩🏻 🔥ကောက်ရိုးမီး မဟုတ်🙅 #အရေးတော်ပုံအောင်ရမည် https://t.co/ONyl6bZRZl	👨🏻 We are 👩🏻 🔥not a straw fire🙅 #지리이이이이 https://t.co/ONyl6bZRZl
ဗိုလ်ချုပ်​ အတွက်​မွေး​နေ့လက်​ဆောင်က​တော့  ​ကြောက်​ခေတ်ပြန်မသွား​ကြေး​ပေါ.  ညီ​စေ​နော်!!  #အရေးတော်ပုံအောင်ရမည် https://t.co/GbbahcEUlj	The birthday gift for the general is not going back to the time of fear. Brother!! #สุวัยตั่วั่ https://t.co/GbbahcEUlj
13.3.2021  ပုဇွန်မြောင်းစံပြကျေးရွာ၊အလယ်ပိုင်းရက်ကွက်🌸💗 ညသပိတ်🌸💗  #အရေးတော်ပုံအောင်ရမည် #စစ်အာဏာရှင်ကျဆုံးပါစေ https://t.co/fxMdYi3ce8	13.3.2021 Puzun Surrey Model Village, Central District 🌸💗 Night strike 🌸💗 #ปีปับติววิววิ #สิชิชิต้ายลั่ม https://t.co/fxMdYi3ce8
စိတ်ဓာတ်မကျပါနဲ့။လူထုခေါင်းဆောင်တွေလူသိများတဲ့အနုပညာရှင်တွေကိုဖမ်းပြီးလူထုကို စိတ်ဓာတ်ရေးရာ တိုက်ခိုက်တာပါ။လူတွေကိုဖမ်းပြပြီးအကြောက်တရားရိုက်သွင်းနေကြတာပါ၊အားတင်းထားပြီးတတ်နိုင်တဲ့ဖက်ကနေအာဏာရှင်ကိုဆန့်ကျင်ကြရမှာပါ။ #အရေးတော်ပုံအောင်ရမည်	Don't be discouraged. Public leaders arrest well-known artists and attack the public morally. They are arresting people and instilling fear in them. #ค้วัยตั่ม่
@DrSasa22222 အမှောင်ဆုံးအချိန်ကို ကျော်ဖြတ်ပြီးရင်တော့ အလင်းရောက်စမြဲပါ။ #အရေးတော်ပုံအောင်ရမည်	@DrSasa22222 After passing through the darkest hour, the light always comes. #ค้วัยตั่ม่
#SilenceStrike  အိမ်မှာနေ၍တိတ်ဆိတ်ခြင်းသပိတ်နှင့် အတူ စစ်အာဏာရှင်ကိုတော်လှန်ပါသည်။ #အရေးတော်ပုံအောင်ရမည် https://t.co/W4QIpI0y0s	#SilenceStrike Stay at home and stand against the military dictatorship with the silence strike. #สี่วัววั้ว https://t.co/W4QIpI0y0s
အမေဒေါ်အောင်ဆန်းစုကြည့်နှင့်မတွေ့ရင်တော့မြန်မာပြည်လာတာလက်မခံပါ စစ်အာဏာရှင်တွေဟာ၁၉၆၂ကတယ်ယနေ့ထိအလိမ်အညာတွေဘဲပြောတတ်တယ် #စစ်အာဏာရှင်စနစ်အလိုမရှိ #အရေးတော်ပုံအောင်ရမည် https://t.co/9zwxvZgrCh	If you don't see Ma Daw Aung San, I won't accept you coming to Myanmar. Military dictators tell lies from 1962 to this day.
#June_19_ပန်းသပိတ်  #ကြောက်ခေတ်ကိုမှောက်ပစ်  #သွေးမအေးဘူး  #နောက်မဆုတ်ဘူး  #အရေးတော်ပုံအောင်ရမည် https://t.co/BTdIWtSYMe	#June_19_被蛋#Overthrow the age of fear #My blood is not cold #I'm not going to retreat #I have to be successful https://t.co/BTdIWtSYMe
ရုံးတက်နေတဲ့ခြေတစ်စုံထက်  ဂုဏ်သိက္ခာရှိစွာ  ရုန်းထွက်နေတဲ့ခြေတစ်စုံ  #အရေးတော်ပုံအောင်ရမည် https://t.co/UcU7g4KdMd	A pair of feet leaving the office is more dignified than a pair of feet going to the office.
တိုင်းရင်းသားအားလုံး တန်းတူအခွင့်အရေးရဖို့ ပြိုင်တူရွှေ့ကြပါစို့ #အရေးတော်ပုံအောင်ရမည်	Let's move together to get equal rights for all ethnic groups #சிர்துப்புக்கை
ပြည်လုံးကျွတ်သပိတ်ကိုမြင်ပြီး အာဏာရူးတစ်သိုက် သွေးပျက်စေရမယ်  #အရေးတော်ပုံအောင်ရမည် https://t.co/wzRDx2bcHi	Seeing the national strike, a bunch of power crazy people must lose blood #ปีไทยตั่วย่ว https://t.co/wzRDx2bcHi
ရေဦးမြို့ ပညာရေးမိသားစု သပိတ်စစ်ကြောင်း #အရေးတော်ပုံအောင်ရမည်  5-4-2021 https://t.co/sB0I0WWDbb	Rae Oo Education Family Strike Column #சிர்துப்புக்குக்கு 5-4-2021 https://t.co/sB0I0WWDbb
ကျရာနေရာမှ တော်လှန်နေသူများအားလုံးကို လေးစားလျက်ပါ #အရေးတော်ပုံအောင်ရမည်	Respecting all those who are revolutionizing wherever they are
အချင်းချင်းလည်း အားပေးစကားပြောရင်း အားတင်းထားကြပါ။  #အရေးတော်ပုံအောင်ရမည် https://t.co/0Fou4xbw7j	Encourage each other and be strong. #สี่วัววั้ว https://t.co/0Fou4xbw7j
@MayWongCNA @KNUH မြန်မာပြည်သူတွေနဲ့ရပ်တည်ပေးမှုကိုအထူးကျေးဇူးတင်ပါတယ်အာဏာရှင်စနစ်ကိုအဆုံးသတ်အမြစ်ဖြတ်နိုင်ဖို့ကအားလုံးစုစည်းရင်လုပ်နိုင်ပါတယ်မတရားမှုကိုတွန်းလှန်ခြင်းဟာမြင့်မြတ်ခြင်းပါ #အရေးတော်ပုံအောင်ရမည် #WhatsHappeningInMyanmar	@MayWongCNA @KNUH Thank you very much for standing with the people of Burma. To end the dictatorship, we can all do it together. Fighting injustice is noble.
အားတင်းထားပါ ပြည်ထောင်စု တိုင်းရင်းသားညီနောင်များ #အရေးတော်ပုံအောင်ရမည် https://t.co/eNpcNv56OB	Stay strong Union ethnic brothers #สุวัยตั้ว https://t.co/eNpcNv56OB
ရန်ကို ကုန်အောင်ရှင်းမယ့် ရန်ကုန်သပိတ်စစ်ကြောင်း  #အရေးတော်ပုံအောင်ရမည်	The Yangon strike column that will end Yangon must be #ชีไทยตั่มี่
တပေါင်းစစ်ချီ ဒေါင်းစစ်သည် သောင်းချီတက်လိမ့်မည်  #အရေးတော်ပုံအောင်ရမည် https://t.co/N0fwlNwTx7	Together, the peacock army will march in the thousands #ปีไทยตั่วัย https://t.co/N0fwlNwTx7
@lwinleo05 အဲ့အဲကွန်းခန်းကကောင်တွေက ရန်တိုက်ပေးနေတဲ့ကောင်တွေ 👊 #အရေးတော်ပုံအောင်ရမည်	@lwinleo05 Those guys in the cafe are fighting guys 👊
နွေဦးတော်လှန်ရေး သူရဲကောင်း ဆီအရောက်သွားခဲ့   #အရေးတော်ပုံအောင်ရမည် https://t.co/iLHfrFPULz	The hero of the Spring Revolution went to the oil #சிர்துப்புக்கை https://t.co/iLHfrFPULz
မနက်ဖြန်တွေအတွက် မနက်ဖြန်ဟာ အရေးအကြီးပါတယ်။ #အရေးတော်ပုံအောင်ရမည်	Tomorrow is important for tomorrow. #ค้วัยตั่ม่
စောက်ကျိုးနဲ့ ပြည်သူ့သတ်မတော် အလိုမရှိ။  #အရေးတော်ပုံအောင်ရမည်	There is no need to kill the people. #ค้วัยตั่ม่
သင်္ကြန်သီချင်းတွေ ကြားရတာ ရင်နာတယ်။  #အရေးတော်ပုံအောင်ရမည်	It hurts to hear Thingyan songs. #ค้วัยตั่ม่
နွေမိုးဆောင်း သွေးမအေး အရှုံးမပေးပါ။  #အရေးတော်ပုံအောင်ရမည် https://t.co/n5PidVMeBk	Don't give up, don't give up. #สี่วัววั้ว https://t.co/n5PidVMeBk
အရင်လို ပန်း​ေ၀နေတဲ့လမ်းမတလျှောက် စိတ်အေးချမ်းသာစွာလျှောက်လှမ်းချင်ပြီ  #အရေးတော်ပုံအောင်ရမည်	I want to walk peacefully along the flowery road like before
တပ်ပျက်နေပြီ ပိုပျက်လေ ကောင်းလေပဲ #အရေးတော်ပုံအောင်ရမည်	The army is already broken, the more broken the better
တရက်တရက်အော်ငိုပစ်ချင်လိုက်တာဆိုတာ မနည်းတင်းထားရတယ် 😟 #အရေးတော်ပုံအောင်ရမည် https://t.co/JHPNNgJHmy	One day I want to scream and cry, I can't put it down 😟 #ปีไทยตั่ม้า https://t.co/JHPNNgJHmy
#အကြမ်းဖက်လူသတ်ဓမြတိုက်စစ်အာဏာရှင်မုချကျဆုံးရမည် #အရေးတော်ပုံအောင်ရမည် #မအေလိုးမင်းအောင်လှိုင် #မင်းအောင်လှိုင်မအေလိုး  https://t.co/Anpldx56mU	#ที่หลั่ว้วิววัดตัวิวิวิวิต้าวิวิ่มี่ #ป้วัยตั้าวิ่มี่ #สุมีวัวยันที่ Hlaing #ฮัมตรัยตัน
သင်္ကြန် ဒုတိယမြောက်နေ့  #မုန့်လုံးရေပေါ်သပိတ် #အရေးတော်ပုံအောင်ရမည် https://t.co/Homcdat5Ye	The second day of Thingyan #水偭水流摩是 #明電是是 https://t.co/Homcdat5Ye
ပြည်လုံးကျွတ်သပိတ်ကိုမြင်ပြီး အာဏာရူးတစ်သိုက် သွေးပျက်စေရမယ်.. #အရေးတော်ပုံအောင်ရမည် https://t.co/vz0n2Gxo4x	Seeing the national strike, a bunch of power crazy people must lose blood.
#ငါတို့ဘယ်တော့မှသွေးအေးမသွားဘူး  #နွေဦးတော်လှန်ရေး  #စစ်အာဏာရှင်စနစ်မုချကျဆုံးရမည်  #အရေးတော်ပုံအောင်ရမည် https://t.co/63e3lz6mgc	#We will never go cold-blooded #Spring Revolution #Military system must surely fall #Church must win https://t.co/63e3lz6mgc
စစ်လက်နက်မရှိဘဲတိုက်ပွဲဝင်ရဲတာ ကမ္ဘာမှာမြန်မာဘဲရှိတယ်!  #အရေးတော်ပုံအောင်ရမည် ✊	Myanmar is the only one in the world that dares to fight without military weapons! #ป้วัยตั่วั่มี่ ✊
ကျောက်တုံး သပိတ် #နွေဦးတော်လှန်ရေး #အရေးတော်ပုံအောင်ရမည် https://t.co/MPqsopwHHL	Stone strike #明滑气代 #明電 must be shaped https://t.co/MPqsopwHHL
၈၈သွေးကြွေးကို  ၂၁မှာ အပြီးတောင်း…  #အရေးတော်ပုံအောင်ရမည် https://t.co/Pea1PLvHLA	Ask for the 88 blood debt to be completed at 21...
ကျမသိတဲ့  အထက်တန်းစားဆိုတာ 🥰 #အရေးတော်ပုံအောင်ရမည် https://t.co/fAr0oSlQP7	The upper class I don't know is 🥰 #ปีไทยตั้วั่ม https://t.co/fAr0oSlQP7
လေးစားရပါသော  ဆရာ/ဆရာမ များ #အရေးတော်ပုံအောင်ရမည် https://t.co/IkbHCVaioz	Respected teachers/teachers, #ชีไทยตั่ว https://t.co/IkbHCVaioz
ဂရုစိုက်ကြပါနော်။ အောင်မြင်ပါစေ။ #အရေးတော်ပုံအောင်ရမည် ✊🏻	Take care. Be successful. #ป้วัยตั่วั่มี่ ✊🏻
အောင်မြင်ပါစေ အဆင်ပြေချောမွေ့ပါစေ 🙏🏼🌻  #အရေးတော်ပုံအောင်ရမည်	May it be successful, may it be convenient and smooth 🙏🏼🌻
မိုးနတ်မင်းများ ရှိခဲ့ရင်ပြည်သူတို့ကို စောင့်ရှောက်ပေးပါ။ 🙏🏻🙏🏻🙏🏻#အရေးတော်ပုံအောင်ရမည်	If there were any gods, please take care of the people. 🙏🏻🙏🏻🙏🏻#Must have success
ဂုဏ်ယူအပြုံးလေးနဲ့ လေးစားပါတယ်။ 💪💪💪 #အရေးတော်ပုံအောင်ရမည်	I respect you with a proud smile. 💪💪💪 #ป้วัยตั่ม่
သွေးမအေးကြေး ✊✊ #အရေးတော်ပုံအောင်ရမည် #နွေဦးတော်လှန်ရေး	Don't be cold-blooded ✊✊ #ชีไลยตั่วิมต้า #และโด้ย่าย
ငါတို့နိုင်‌တော့မှာပါ အားတင်းထားကျ၊ စည်းလုံးကျနော်💪🇲🇲❣️  #အရေးတော်ပုံအောင်ရမည် https://t.co/uCiZCXLika	We will win, be strong, Let's be united 💪🇲🇲❣️ #ชีวัยตั่วั่ว https://t.co/uCiZCXLika
လူစိတ်မရှိတဲ့ဟာတွေ....😠😠😠 ေခွးနဲ့နှိုင်းရင်တောင်ခွေး သိက္ခာကျတယ်😡😡😡 #အရေးတော်ပုံအောင်ရမည် https://t.co/bJgHE9ybpS	Things that don't have a human heart....😠😠😠 Even if compared to a dog, a dog has dignity😡😡😡 #ปีไล้วัวย่ายว https://t.co/bJgHE9ybpS
ဒီနှစ်နွေဦးကဥဩဌက်တွေရဲ့မြည်တွန်ငိုကြွေးသံအစားမြန်မာပြည်သူပြည်သားတိုင်းရင်းသားညီအကိုမောင်နှမတွေရဲ့ငိုကြွေးသံ၊ဒီမိုကရေစီတောင်းတသံတွေနဲ့ အမှန်တရားကိုမရမခြင်းငါတို့တွေနောက်မဆုတ်တဲ့စိတ်ဓာတ်တွေနဲ့ရှေ့ဆက်တိုက်ပွဲဝင်ကြမှာပါ။ #အရေးတော်ပုံအောင်ရမည်	This spring, instead of the wails of the owls, the cries of the ethnic brothers and sisters of the Myanmar people, the cries of democracy and the truth, we will fight forward with the spirit of not backing down. #ค้วัยตั่ม่
မုံရွာမြို့၊အရာတော်မြို့နယ် #ပြည်သူ့တော်လှန်ရေးနေ့ #အရေးတော်ပုံအောင်ရမည် 27-3-2021 https://t.co/4Xkf671LBn	Mongywa City, Chấtụật Township #ụớiềọọọềềọạạọ #ụớụọọềọọọ 27-3-2021 https://t.co/4Xkf671LBn
မြို့ပြမှာရှိတဲ့ပြည်သူတွေကလဲအားလုံးဘေးကင်းလုံခြုံဖို့ဆုတောင်းပေးနေပါတယ်။သည်လိုနွေးထွေးတဲ့မေတ္တာတွေရတဲ့အတွက်လဲဝမ်းနည်းဝမ်းသာဖြစ်ရပါတယ်။  #အရေးတော်ပုံအောင်ရမည်  #ဖက်ဒရယ်ဒီမိုကရေစီနိုင်ငံသစ်ဆီ	The people in the city are praying for everyone's safety. I am saddened and happy to receive such warm love. #ปียัยตั้ายลั่ม่ #To the new federal democratic country
အာဏာရှင်စစ်ဖိနပ်အောက်ရောက်ခံခဲ့ရတဲ့မျိုးဆက်ဟာ ငါတို့မျိုးဆက်နောက်ဆုံးဖြစ်ရမယ် #အရေးတော်ပုံအောင်ရမည်	The generation that was put under the shoes of a dictator must be the last of our generation
မြန်မာပြည်မှာစစ်ဖြစ်အောင်ကူညီပါနိုင်ငံတကာစစ်ပါ ဒီခွေးတေရှင်းမှပြည်အေးမယ် #အရေးတော်ပုံအောင်ရမည်	Help to make war in Burma, make war internationally, this dog will cool the country #ปีไลวั่ย่
နွေဦးတော်လှန်ရေးမှာကျဆုံးသွားခဲ့ကြသောမြန်မာပြည်မှသူရဲကောင်းများကိုဦးညွတ်ပါတယ် #စစ်အာဏာရှင်စနစ်အမြန်ဆုံးကျရူံးပါစေ #အရေးတော်ပုံအောင်ရမည် https://t.co/jZkgBfORyv	I bow to the heroes of Myanmar who died in the spring revolution.
@NewsPamphlet ကျွန်တော့်အမြင်တော့ ကာလာနဲ့ကပိုပြီးဖတ်ချင်စိတ်ဖြစ်စေပါတယ်။ #အရေးတော်ပုံအောင်ရမည်	@NewsPamphlet In my opinion, the color makes you want to read more. #ค้วัยตั่ม่
#အရေးတော်ပုံအောင်ရမည်  နောင်တစ်ချိန်ပြန်ပြောမိတိုင်း ကျေနပ်နေမှာ https://t.co/wnA53Hi0AP	#ชีไป้วั่วัววั่วิต้วิต้าวิ่มี่
ဆလိုင်းတင်မောင်ဦးပြောစကားလေးပါ  #မင်းတို့စစ်ဖိနပ်အောက်မှာငါဘယ်တော့မှဒူးမထောက်ဘူး #အရေးတော်ပုံအောင်ရမည် https://t.co/cHTVugVIce	What Salai Tin Maung Oo said #I will never kneel under your military shoes #明電是是是 https://t.co/cHTVugVIce
မတရားဖမ်းဆီးထားသူများကို ချက်ချင်းလွှတ် #အရေးတော်ပုံအောင်ရမည် https://t.co/niB06rTNrH	Those who have been unjustly arrested must be released immediately #ป้วลับตัว https://t.co/niB06rTNrH
ရန်ကိုကုန်အောင်ရှင်းမယ့် ရန်ကုန်သပိတ်  #အရေးတော်ပုံအောင်ရမည် https://t.co/fl6rd3FX3p	The Yangon strike that will end Yangon will end #ปีไทยตั้ว https://t.co/fl6rd3FX3p
အကြံပေးတာပါ  ေဝမျှပေးလိုက်ကြပါဦးနော် #အရေးတော်ပုံအောင်ရမည် https://t.co/GL57QUbN8l	I advise you to give it as much as you can.
ဆန္ဒပြသူများတင်မဟုတ် သာမန်လမ်းသွားနေသူများကိုပါစစ်ကောင်စီ(ခ)သောင်းကျန်းသူများမှသေနတ်ဖြင့်ပစ်သတ်နေပါသည်  #အရေးတော်ပုံအောင်ရမည် https://t.co/OaWHHMwjtB	Not only protesters, but ordinary passers-by are being shot by the military council (B) insurgents.
မြည်တွန်ကျူးမည် ဖယ်ဒရယ်ဒီမိုကရေစီ #အရေးတော်ပုံအောင်ရမည် https://t.co/j1oakVTNfs	Let's shout federal democracy #ปีไลวั่ว https://t.co/j1oakVTNfs
မျှော်လင့်ရတဲ့နေ့ရက် ရောက်လာပီ #အရေးတော်ပုံအောင်ရမည် https://t.co/pEutueAxf9	The long-awaited day has arrived. #สี่วิวัววั่ https://t.co/pEutueAxf9
#အရေးတော်ပုံအောင်ရမည် ရက်စက်မှုအပေါင်း သရဖူဆောင်း	#ชีไลับตั่ม่วั่ม่
သွေးမအေးကြေး လက်မလျှော့ကြေး #အရေးတော်ပုံအောင်ရမည်	Don't be cold-blooded and don't give up
စစ်အဏာရှင်စနစ်အမြန်ကျရှုံးပါစေ #အရေးတော်ပုံအောင်ရမည် #နွေဉီးတော်လှန်ရေး https://t.co/3mWtVAAxbq	Let the military dictatorship fail quickly #ปีปับตัวตัวย์ #ชั้ว่วิดี่ https://t.co/3mWtVAAxbq
ကျနောတို့ရဲ့ အဆောင်လေးပါ #အရေးတော်ပုံအောင်ရမည် https://t.co/ngJHkJJnkT	Our little dormitory #지현이이이 https://t.co/ngJHkJJnkT
တရားသောစစ် နိုင်ရမည် #အရေးတော်ပုံအောင်ရမည် https://t.co/lHGVpsSP8y	You must be able to fight for justice
ဒီလိုနေ့မျိုးမှာ #အားလုံးဘေးကင်းကြပါစေ #အရေးတော်ပုံအောင်ရမည်	On a day like this, #May everyone be safe
#ကြွေးကြော်သံပြောင်းသင့်ပြီ #ဖမ်းဆီးထားသောခေါင်းဆောင်များချက်ချင်းလွှတ်ချက်ချင်းလွှတ်။#ရွေးကောက်ပွဲရလဒ်အတိုင်းအတည်ပြုရေးတို့အရေးတို့အရေး။#တတိယအကြိမ်လွှတ်တော်ခေါ်ယူရေးတို့အရေးတို့အရေး။#အရေးတော်ပုံအောင်ရမည်။ Credit-ကူးတင်ပေးကြပါခင်ဗျာ။ https://t.co/ZhDXizccyR	#ที่ที่ชียลั่มี่ลี้ลี้ #The leaders who have been arrested should be released immediately. Credit - Please upload it. https://t.co/ZhDXizccyR
#စစ်အာဏာရှင်စနစ်အလိုမရှိ  #စစ်အာဏာရှင်စနစ်ကျရှုံးပါစေ #အရေးတော်ပုံအောင်ရမည်	#機雪了电影任动拍#Let the military government system fail #สุชัยตัย
ဘယ်လောက်ပဲခက်ခဲနေပါစေ ဘာအကြောင်းကြောင့်ပဲဖစ်ဖစ်အဆုံးထိတိုက်ပွဝင်မာ💪💪💪 #အရေးတော်ပုံအောင်ရမည်	No matter how difficult it is, no matter what the reason, fight to the end
ငမ်းရတာလည်း အမော #အရေးတော်ပုံအောင်ရမည် https://t.co/GBGBdlfOah	I'm so hungry, I'm so hungry #ปีไลวั่ว https://t.co/GBGBdlfOah
#နွေဦးတော်လှန်ရေး  #အရေးတော်ပုံအောင်ရမည် #စစ်အာဏာရှင်စနစ်ကျဆုံးစေရမည် https://t.co/WnFn57TY3t	#明滑气政 #更雄是是更多 #The military dictatorship must be overthrown https://t.co/WnFn57TY3t
မေတ္တာတွေဆိုတာ💕  #အရေးတော်ပုံအောင်ရမည်  #ဖက်ဒရယ်ဒီမိုကရေစီနိုင်ငံသစ်ဆီ	Love is 💕 #ปีไลยตับวัวิด #คุ่วิมครับรับติชี่รับ
မြန်မာနိုင်ငံတော်အမျိုးသားညီညွတ်ရေးအစိုးရ NUGအားကြိုဆိုပါသည် #အရေးတော်ပုံအောင်ရမည် https://t.co/87jzHvkyap	Welcome to the Myanmar National Unity Government NUG #சிர்துப்புக்கு
#အစွမ်းကုန်ယုတ်မာကြဘီ #သူတို့အတွက်လမ်းဆုံးပြီ #အရေးတော်ပုံအောင်ရမည်	#海全运パパェレ #The way is over for them #We must win the important picture
#အမှန်တရားကိုတောင်းယူလို့မရဘူး.#တိုက်ယူမှရမယ် #အရေးတော်ပုံအောင်ရမည် #စစ်အာဏာရူးများကျဆုံးပါစေ https://t.co/ppNPsUD9jW	#You can't ask for the truth.#You have to fight.
#ငါတို့မန္တလေး_ငါတို့ပိုင်တယ် #ငါတို့ကျုံးမြို့_ငါတို့ပိုင်တယ်  #အရေးတော်ပုံအောင်ရမည် https://t.co/PEorx5jqqi	#สัววัยยัย_พัวิติติติติด #ต้าวิวิวิวัว_ตัวิวิวิวิติว #ป้วัยวับตั้น https://t.co/PEorx5jqqi
အလုံမြို့နယ်က ပစ်တိုင်းထောင်သပိတ်😊😊😊                                                                  #အရေးတော်ပုံအောင်ရမည် https://t.co/dfOf7ZqaDp	Alon Township is on strike at every prison.
နွေဦး​အောင်ပွဲ ​ရောက်​တော့မှာပါ #အရေးတော်ပုံအောင်ရမည် https://t.co/KOPLWjYEZ8	The spring victory is coming #ป้วัยตั่ม่วั่ https://t.co/KOPLWjYEZ8
#ကျောက်မြောင်း #ညသပိတ် #အရေးတော်ပုံအောင်ရမည် https://t.co/rvKsi9pfFC	#鱼代 #阿明 #春電是是 https://t.co/rvKsi9pfFC
အမေ့ဆီကခွပ်ဒေါင်းသွေးတွေအမွေရထားတဲ့ငါတို့တတွေကအနိုင်ရမှာကိုသိရက်နဲ့ဘယ်တော့မှနောက်မဆုတ်ဘူး.....  #အရေးတော်ပုံအောင်ရမည် #savemyanmar https://t.co/FLGDBB5gEj	Those of us who have inherited the peacock blood from my mother will never back down knowing that we will win...
သင်သွန်းသောအသွေးသည်သင့်ခေါင်းပေါ်သို့ကျလိမ့်မည်။  #အရေးတော်ပုံအောင်ရမည် https://t.co/IQTFTXjVwZ	The blood you shed will be on your own head. #สี่วิวัววั่ https://t.co/IQTFTXjVwZ
အင်းပျော်စရာအချိန်ရောက်ရင်တချို့အိမ်တွေမှာလူမစုံတော့ဘူးဆိုတဲ့အတွေးကဝမ်းနည်းစေတယ်😢 #အရေးတော်ပုံအောင်ရမည်	Well, when it's time to have fun, the thought that some houses are empty makes me sad 😢
ငါတို့ကျောင်းသားတွေငါတို့ပြန်ရပြီ #အရေးတော်ပုံအောင်ရမည်	Our students, we have it back
စစ်အာဏာရှင်စနစ်မုချကျဆုံးပါစေ  #အရေးတော်ပုံအောင်ရမည် https://t.co/woSPTlv5Jf	May the military dictatorship fall for sure
သွေးအေးသွားလို့မဖြစ်ဘူး #အရေးတော်ပုံအောင်ရမည် https://t.co/22fCj03fpu	It's not possible because the blood is cold
သင်္ကြန်အတာအိုးသပိတ် #အရေးတော်ပုံအောင်ရမည် https://t.co/OeDH595Uk9	Thingyan pot strike #ป้วลัววัย https://t.co/OeDH595Uk9
ဗြောင်လိမ်ဗြောင်စား #အရေးတော်ပုံအောင်ရမည်	반 L반 배백 eat #지리이지
သွေးမတိတ်ဆေးသပိတ် #အရေးတော်ပုံအောင်ရမည် https://t.co/IYrDRtfo4K	Stop blood strike #ป้วไว่วิว https://t.co/IYrDRtfo4K
လက်နက်ကိုင်စစ်အာဏာရှင်ကိဆုံးပါ​စေ #အရေးတော်ပုံအောင်ရမည်	May the armed military dictator die
စစ်ခွေးတွေသေတာပဲကြားချင်တာ #အရေးတော်ပုံအောင်ရမည်✊	I just want to hear about the death of war dogs
ရွက်လှေသပိတ် #အရေးတော်ပုံအောင်ရမည် https://t.co/v1QRTSgpHl	Yacht strike #ปีไทย่วัวย https://t.co/v1QRTSgpHl
လေးစားပါတယ် #အရေးတော်ပုံအောင်ရမည်	I respect you
စက္ကူသပိတ် #အရေးတော်ပုံအောင်ရမည် https://t.co/C0LE047eJL	Paper strike #சமர்தியுக்கை https://t.co/C0LE047eJL
ပြည်သူ့သစ္စာဆူးပါ​စေ #အရေးတော်ပုံအောင်ရမည်	Let the people's loyalty be strong
ညီစေနော် #အရေးတော်ပုံအောင်ရမည် https://t.co/FnttOog1W5	Brother, #ปีไทย่วั่ม https://t.co/FnttOog1W5
#ရိုးသားပါအပြန်အလှန်ဖေးမပါ💪 #အရေးတော်ပုံအောင်ရမည်✊	#지리모마이해하대 💪 #You have to get a good picture ✊
မနက်ြဖန်အြပင်မထွက်ြကပါနဲ့😷😇🙏 #အရေးတော်ပုံအောင်ရမည် https://t.co/Ho1madtzxI	Don't even go out in the morning 😷😇🙏 #ปีไล้วัววั่วิ่ https://t.co/Ho1madtzxI
မေစုလဲကျန်းမာပါစေ🙏🙏🙏 #အရေးတော်ပုံအောင်ရမည်	May Sue be healthy 🙏🙏🙏
ခုရက်ပိုင်းfacebookသုံးဖို့ကိုစိတ်ပျက်မိပါတယ်၅၀၅(က)တို့နဲ့အကြောက်တရားသွင်းခံထားရလို့လားသွေးအေးသွားကြတာဘဲလားမစဥ်းစားတတ်တော့ပါဒါပေမဲ့tweeterမှာအားကျိုးမာန်တက်tweetပေးနေကြတဲ့မိသားစုတွေကိုတွေ့ရတော့အားတက်ရပါတယ်internetရနေသမျှဆက်tweetပေးကြပါဦးလို့တိုက်တွန်းပါရစေ။🙏#အရေးတော်ပုံအောင်ရမည် https://t.co/LE8V4IARd5	I'm disappointed to use Facebook these days and I wonder if they're cold-blooded because they've been terrorized by the 505(a), but I'm encouraged to see the families who are tweeting bravely on Twitter. I encourage you to keep tweeting as long as you have internet.
နေ့စဥ်သွေးမအေးပဲ စစ်အာဏာရှင်ကိုတော်လှန်ခဲ့သည်မှာ ရက်ပေါင်း ( ၄၂၀)  ရှိခဲ့ပြီဖြစ်သော ပြည်/ခွန်ညသပိတ်...  #2022May28Coup #WhatsHappeningInMyanmar #VillagesBurntDownByJunta #HelpMyanmarIDPs #HearTheVoiceOfMyanmar  #အရေးတော်ပုံအောင်ရမည်   #အဂ္ဂဝံသ https://t.co/LqAsYiCoKg	It's been 420 days since the revolution against the military dictatorship without cold blood every day... #2022May28Coup #WhatsHappeningInMyanmar #VillagesBurntDownByJunta #HelpMyanmarIDPs #HearTheVoiceOfMyanmar #ปีไป้วัวยวับ #แทยที่ย https://t.co/LqAsYiCoKg
သွေးမအေးတဲ့ မန္တလေးရဲ့ အသံမတိတ်တဲ့ ပြည်/ခွန်သပိတ်....  #2022May29Coup  #VillagesBurntDownByJunta  #HelpMyanmarIDPs  #WhatsHappeningInMyanmar @UNGeneva @UN_HRC  #အရေးတော်ပုံအောင်ရမည်   #အဂ္ဂဝံသ https://t.co/EBOQtdJWme	The silent land/tax strike of the cold-blooded Mandalay.... #2022May29Coup #VillagesBurntDownByJunta #HelpMyanmarIDPs #WhatsHappeningInMyanmar @UNGeneva @UN_HRC #சிர்துப்பாயுக்குத்து #அக்குவைத்து https://t.co/EBOQtdJWme
သွေးမအေးတဲ့ မန္တလေးရဲ့ စစ်အာဏာရှင်တော်လှန်ရေးညသပိတ်...  #2022Jun8Coup  #WarCrimesOfJunta  #WhatsHappeningInMyanmar  #အရေးတော်ပုံအောင်ရမည်   #အဂ္ဂဝံသ https://t.co/UL6u33PZma	Mandalay's cold-blooded military dictatorship revolution night strike... #2022Jun8Coup #WarCrimesOfJunta #WhatsHappeningInMyanmar #ชี้ปับตันที่วัย #ที่ที่ยย https://t.co/UL6u33PZma
အကြမ်းဖက်စစ်အာဏာရှင်ကျရှုံးရေညသပိတ်...  #2022Jun10Coup  #CondemnDeathPenalty #WhatsHappeningInMyanmar #pyigyitagonstrik   #အရေးတော်ပုံအောင်ရမည်   #အဂ္ဂဝံသ https://t.co/Q8ykyN5tkL	Terrorist military dictatorship failed, water strike... #2022Jun10Coup #CondemnDeathPenalty #WhatsHappeningInMyanmar #pyigyitagonstrik #ชี้ปับตั้นที่คล #แทยที่ย https://t.co/Q8ykyN5tkL
ပြည်ကြီးတံခွန်သပိတ်အင်အားစုရဲ့ အသံမတိတ် အလံမလိပ်တဲ့ ညသပိတ်...  #2022Jun13Coup  #WarCrimesOfJunta  #WhatsHappeningInMyanmar #pyigyitagonstrik   #အရေးတော်ပုံအောင်ရမည်   #အဂ္ဂဝံသ https://t.co/wpa50kHujC	The silent night strike of the Pyongyang flag strike force... #2022Jun13Coup #WarCrimesOfJunta #WhatsHappeningInMyanmar #pyigyitagonstrik #ชี้ปับตัวยันที่ #ที่ที่ย https://t.co/wpa50kHujC
ပြည်ကြီးတံခွန်သပိတ်အင်းစုရဲ့ အကြမ်းဖက်စစ်အာဏာရှင်တော်လှန်ရေးညသပိတ်....  #VillagesBurntDownByJunta  #HelpMyanmarIDPs  #2022Jun114Coup #WhatsHappeningInMyanmar #pyigyitagonstrik   #အရေးတော်ပုံအောင်ရမည်   #အဂ္ဂဝံသ https://t.co/187gMyFvZb	Pyigyi flag strike Insu's violent military dictatorship revolution night strike.... #VillagesBurntDownByJunta #HelpMyanmarIDPs #2022Jun114Coup #WhatsHappeningInMyanmar #pyigyitagonstrik #ชี้ปัววัววัวยล #คุที่ยย https://t.co/187gMyFvZb
မန္တလေး ပြည်ကြီးတံခွန်သပိတ်အင်အားစုရဲ့ စစ်အာဏာရှင်တော်လှန်ရေးညသပိတ်...  #LegalizationOfNUG  #2022Jun15Coup #WhatsHappeningInMyanmar #pyigyitagonstrik   #အရေးတော်ပုံအောင်ရမည်   #အဂ္ဂဝံသ https://t.co/DvipFfGbvs	The night strike of the military dictatorship revolution of the Mandalay Pyigyi flag strike force... #LegalizationOfNUG #2022Jun15Coup #WhatsHappeningInMyanmar #pyigyitagonstrik #ชี้ปับตัวย่ายต้า #โทที่ย้ย https://t.co/DvipFfGbvs
သွေးမအေးတဲ့မန္တလေးက အသံမတိတ်တဲ့ ပြည်/ခွန်သပိတ်...  #LegalizationOfNUG  #2022Jun16Coup  #WhatsHappeningInMyanmar #pyigyitagonstrik   #အရေးတော်ပုံအောင်ရမည်   #အဂ္ဂဝံသ https://t.co/sjIVTRIvOv	Mandalay is not cold-blooded, the land/tax strike is silent... #LegalizationOfNUG #2022Jun16Coup #WhatsHappeningInMyanmar #pyigyitagonstrik #ชี่วัยตั่มวัย #แทยที่พล https://t.co/sjIVTRIvOv
“လက်သည်းစိပ်လျှင် လက်ထိပ်နာသည်” - - - - - - - - - - - - -  - - - - - - - - - - -                #FreePoliticalPrisoners  #အရေးတော်ပုံအောင်ရမည် https://t.co/uluDteBShM	"If you bite your fingernails, your wrist hurts" - - - - - - - - - - - - - - - - - - - - - - - - #FreePoliticalPrisoners #ป้วลับตับตั้น https://t.co/uluDteBShM
ပြည်ကြီးတံခွန်သပိတ်အင်အားစုရဲ့ စစ်အာဏာရှင်ကျရှုံးရေး ညသပိတ်...  #FreezePaymentsToJunta  #NoExemption  #2022Jun18Coup  #WhatsHappeningInMyanmar #pyigyitagonstrik   #အရေးတော်ပုံအောင်ရမည်   #အဂ္ဂဝံသ https://t.co/cdgkRkPm7H	Night strike of Pyongyang flag strike force's failure of military dictatorship... #FreezePaymentsToJunta #NoExemption #2022Jun18Coup #WhatsHappeningInMyanmar #pyigyitagonstrik #ปีไป้วั่ยวิว #โทที่ย่า https://t.co/cdgkRkPm7H
ရန်ကုန်မြို့ရဲ့ အခက်အခဲတွေကြားက   သူရဲကောင်း လူငယ်လေးတွေ ပေးတဲ့ ခွန်အား ...   They are not stepping back 💪🏿   27th April , 2021  Flash Mob Anti-Coup Protest 🇲🇲  Yangon ( Myanmar )   #အရေးတော်ပုံအောင်ရမည် #WhatsHappeningInMyanmar   Video Crd to owner ✌🏿 https://t.co/K369WMbR6P	The strength given by young heroes amidst the difficulties of Yangon... They are not stepping back 💪🏿 27th April , 2021 Flash Mob Anti-Coup Protest 🇲🇲 Yangon (Myanmar) #ชี้ปับตัววัววิ #WhatsHappeningInMyanmar Video Crd to owner ✌🏿 https://t.co/ K369WMbR6P
တော် လှန် ​ရေး ​နေ့ ဆို တာ ပဲ ရှိ တယ်✊🏾🇲🇲  တပ် မ ​တော် ​နေ့ ဆို တာ မ ရှိ ဘူး🚫  There is only Revolution Day🇲🇲  There is no military day🚫  #WhatsHappeninglnMyanmar #MyanmarMilitaryCoup #အရေးတော်ပုံအောင်ရမည် #အင်တာနက်ဆက်ဖွင့်ထားပါ https://t.co/cAHfCxrQjc	There is only Revolution Day ✊🏾🇲🇲 There is only Revolution Day 🇲🇲 There is no military day 🚫 #WhatsHappeninglnMyanmar #MyanmarMilitaryCoup #ชีไลัววั่ม้าย #สันที่เพิ่มื่แล่ย่และ https: //t.co/cAHfCxrQjc
💯စိတ် ဓာတ် မကျိုး ပဲ့ စေနဲ့🇲🇲 💯စု ဖွဲ့ မှု မ ကျိုး ပဲ့ စေ နဲ့🇲🇲 💯ကျန်းမာရေး မ ကျိုး ပဲ့ စေနဲ့🇲🇲 💯နွေဦးတိုက်ပွဲ အရေးတော်ပုံအောင်ရမည် 🇲🇲  MANSLAUGHTER JUNTA  #Mar29Coup #WhatsHappeningInMyanmar #WeWantJustoceMyanmar #အရေးတော်ပုံအောင်ရမည် #နွေဦးတိုက်ပွဲ #MilkTeaAllianceMyanmar https://t.co/o13edrqRbD	💯 Don't let your spirit break down🇲🇲 💯 Don't let your team break down 🇲🇲 💯 Don't let your health break down 🇲🇲 💯 Spring battle must be like a Uprising 🇲🇲 MANSLAUGHTER JUNTA #Mar29Coup #WhatsHappeningInMyanmar #WeWantJustoceMyanmar #ชีไลย่วิดย้าย #และโค้ว่ #MilkTeaAllianceMyanmar https:// t.co/o13edrqRbD
@kingofcatwalk @AungPya50471417 အားလုံးတိတ်ဆိတ်ခြင်းဟာ အကြီးမားဆုံးတော်လှန်ခြင်းပါပဲ အ သံ တိတ် သ ပိတ် ( silent strike )  UMMG 12/2007 (8th batch) Alumni 24.3.2021 #BurmaSilentStrike2021 #WhatsHappeningInMyanmar #SilentStrikeCampaign #RejectMilitaryCoup #အာဏာရှင်စနစ်မုချကျရှုံးရမည် #အရေးတော်ပုံအောင်ရမည် https://t.co/YDCkXV0RkD	@kingofcatwalk @AungPya50471417 All silence is the greatest revolution. Silent strike (silent strike) UMMG 12/2007 (8th batch) Alumni 24.3.2021 #BurmaSilentStrike2021 #WhatsHappeningInMyanmar #SilentStrikeCampaign #RejectMilitaryCoup #திலைநிய்ப்பியாச்சுக்குத்து #சிர்துப்பாயும்
ရိုးသားတဲ့ပြည်သူသက်သက်ပါပဲ၊ ကျနော်တို့ လွတ်လပ်ပါရစေတော့... ©️Capture by YP #RejectMyanmarMilitaryCoup #rejectmilitarycoupmyanmar #အာဏာရှင်စနစ်ကျဆုံးပါစေ #အရေးတော်ပုံအောင်ရမည်  2/28/21 Myanmar, Yangon, Hledan  This morning, many of our innocent civilians have lost their lives,	Just honest people, Let us be free... ©️Capture by YP #RejectMyanmarMilitaryCoup #rejectmilitarycoupmyanmar #陀了成动最了代么 #这電话话是 2/28/21 Myanmar, Yangon, Hledan This morning, many of our innocent civilians have lost their lives,
ငါတို့နိုင်ငံတိုးတက်ဖို့ ပြည်တွင်းဖြစ်ကိုအားပေးစို့🍉🍉🍉🍉  ပြည်တွင်းဖြစ်ကိုအားပေးရေး ဒို့အရေး ....ဒို့အရေး .....  မရမ်းကုန်း သမိုင်း ၁၂/၀၄/၂၀၂၁ #watermelon #အရေးတော်ပုံအောင်ရမည် #SaveMyammar  #HearTheVoiceOfMyanmar  Let’s support our resources &amp; show the world about our unity💪🏻 https://t.co/mEtIuZ8yjp	Let's support localism to develop our country 🍉🍉🍉🍉 Support localism This matter .... That matter ..... Maungone History 12/04/2021 #watermelon #지리이이리이 #SaveMyammar #HearTheVoiceOfMyanmar Let's support our resources & show the world about our unity💪🏻 https:// t.co/mEtIuZ8yjp
2-5-2021 မသိတဲ့သူမရှိရလေအောင်  လက်ညှိုးလေးနဲ့ တစ်ချက်နဲ့  တိုက်ပွဲမှာ ပါဝင် ကူညီကြပါဦးရှင့် Join the fight with your little finger so that everyone knows. #globalspringrevolutionDay #WeSupportCDM #RejectMilitaryCoup #အရေးတော်ပုံအောင်ရမည် #ကမ္ဘာလုံးဆိုင်ရာမြန်မာ့နွေဦးတော်လှန်ရေး https://t.co/fGCmbIFFb3	2-5-2021 Join the fight with your little finger so that everyone knows. #globalspringrevolutionDay #WeSupportCDM #RejectMilitaryCoup #ชีไลยตับตัวย์ #GlobalSpringRevolution https://t.co/fGCmbIFFb3
ကချင်ပြည်နယ်၊ နမ္မတီးမြို့ရှိ လူငယ်များမှ We Stand with KIO/KIA ၊ We Support KIO/KIA May God Bless KIA စသည့် စာသားများကိုင်ဆောင်ပြီး ဆန္ဒထုတ်ဖော်ခဲ့ကြသည်။ ❤️⚔️❤️ #WhatsHappeningInMyanmar #Mar13Coup #WeWantJustice #အရေးတော်ပုံအောင်ရမည် https://t.co/u3Br50Qtn0	Kachin State We Stand with KIO/KIA from the youth of Namati City. We Support KIO/KIA May God Bless KIA and protested. ❤️⚔️❤️ #WhatsHappeningInMyanmar #Mar13Coup #WeWantJustice #ชี่วิวัววัววั่ว https://t.co/u3Br50Qtn0
“ သပိတ်စုံ သူပုန်ထ “ ခေါင်းစဉ်ဖြင့် ရန်ကုန်မနက်ပိုင်းသပိတ်✊🏻🇲🇲  ဇွန် ၁၄ ရက် ၊ ကျောက်မြောင်း ၈:၀၀ နာရီ @EithinzarMM @MinKoNa90617857 @MinHanHtet6 @Milktea_Myanmar #ဆက်လက်ပုန်ကန်နေမယ့်ရန်ကုန် #အရေးတော်ပုံအောင်ရမည် #WeWantDemocracy #MilkTeaAlliance  #Yangon #WhatsHappeningInMyanmar https://t.co/2vFK7nHxc0	Yangon Morning Strike ✊🏻🇲🇲 June 14 Kyauk Suwre 8:00 pm @EithinzarMM @MinKoNa90617857 @MinHanHtet6 @Milktea_Myanmar #Yangon will continue to rebel #ปี่ลั่วิมวั่ว #WeWantDemocracy #MilkTeaAlliance #Yangon #WhatsHappeningInMyanmar https://t.co/2vFK7nHxc0
အားလုံးတိတ်ဆိတ်ခြင်းဟာ အကြီးမားဆုံးတော်လှန်ခြင်းပါပဲ အ သံ တိတ် သ ပိတ် ( silent strike )  UMMG 12/2007 (8th batch) Alumni 24.3.2021 #BurmaSilentStrike2021 #WhatsHappeningInMyanmar #SilentStrikeCampaign #RejectMilitaryCoup #အာဏာရှင်စနစ်မုချကျရှုံးရမည် #အရေးတော်ပုံအောင်ရမည်	All silence is the biggest revolution. Silent strike (silent strike) UMMG 12/2007 (8th batch) Alumni 24.3.2021 #BurmaSilentStrike2021 #WhatsHappeningInMyanmar #SilentStrikeCampaign #RejectMilitaryCoup #ป้าย้ายดีวับบับตัวย์
လူစုဖြိုခွဲခြင်းမဟုတ်ပါ။ လူသတ်ခြင်းဖြစ်ပါသည်။ ပြင်းထန်စွာရှုံ့ချပါသည်။  They are not dispersing the protesters. They are shooting (AND KILLING) with weapons used in battlefields.  #WhatsHappeningInMyanmar  #save_myanmar  #resistance  #အရေးတော်ပုံအောင်ရမည်	It's not crowdfunding. It is murder. strongly condemned. They are not dispersing the protesters. They are shooting (AND KILLING) with weapons used in battlefields. #WhatsHappeningInMyanmar #save_myanmar #resistance #ชี่วัววัย
အမျိုးသားညီညွတ်ရေးအစိုးရ (NUG) အား ပြည်သူတစ်ယောက်အနေဖြင့် အပြည့်အဝ ထောက်ခံကြိုဆိုပါတယ်။ As a citizen of Myanmar,I totally support and welcome National Unity Government(NUG). #WhatsHappeningInMyanmar #SupportCRPH #SupportNUG #အရေးတော်ပုံအောင်ရမည် https://t.co/a8SvUTM0Qy	As a people, I fully support and welcome the National Unity Government (NUG). As a citizen of Myanmar, I totally support and welcome the National Unity Government (NUG). #WhatsHappeningInMyanmar #SupportCRPH #SupportNUG #สี่วัววัว https://t.co/a8SvUTM0Qy
‘’ရဲဘော်တို့ လမ်းမှားနေ ြက ြပီ ‘’ - တပ်မ ၇၇ ဗိုလ် ြကီး ထွန်းြမတ်အောင် #တိုင်းပြည်ရဲ့တပ်မတော်မဟုတ် #အရေးတော်ပုံအောင်ရမည် ✊🏻 @freya_cole @YourAnonCentral @UNinMyanmar @RapporteurUn @FreeBurmaRangrs @knuhq @FreeKachin @Arakanarmy1Army	"Comrades, you are on the wrong path" - 77th Division Captain Yee Kee Tun Yam Aung.
ပစ်တိုင်းထောင် Strike''.  ကျွန်တော်တို့တွေ ဘယ်တော့မှအရှုံးမပေး,လဲကျရင်တောင် ပြန်ထမယ်. ပစ်တိုင်းထောင်တွေ.  Everytime you throw it, It stands right back up''.....  #MyanmarNevetFall #CandyInTheUniverse #PyitTineHtaugMyanmar #WeMustWin #အရေးတော်ပုံအောင်ရမည် https://t.co/7kteLRaXdt	``Strike every day.'' We will never give up, even if we fall, we will rise again. Throwing prisons. Everytime you throw it, It stands right back up''..... #MyanmarNevetFall #CandyInTheUniverse #PyitTineHtaugMyanmar #WeMustWin #ชี้คัววัววิตั้น https://t.co/7kteLRaXdt
လိင်အကြမ်းဖက်ချက်ချင်းရပ် မုဒိန်းစစ်တပ်အမြစ်ဖြတ် Ready June 14/19 Days For the T-shirt campaign🌻 @NUGMyanmar @ei_deputy #WeSupportNUG  #June11Coup  #EndEsxualViolence #WeSupportMOWYCA #StopRapistArmy #CrimeAgainstWomen #HumanRights #WhatHappenedInMyanmar  #အရေးတော်ပုံအောင်ရမည် https://t.co/kcrXJPHrna	Ready June 14/19 Days For the T-shirt campaign🌻 @NUGMyanmar @ei_deputy #WeSupportNUG #June11Coup #EndEsxualViolence #WeSupportMOWYCA #StopRapistArmy #CrimeAgainstWomen #HumanRights #WhatHappenedInMyanmar #สี่วัววั่ม https://t.co/kcrXJPHrna
@cnni ဖမ်းဆီးခံ အမျိုးသမီးများအား လူ့အခွင့်အရေးချိုးဖောက်မှု ချက်ချင်းရပ်  using my talent to speak out for the women #whatshappeningnowinmyanmar #AmnestyInternational #Amnesty_International_USA #revolutionaryinsiders  #WhatsHappeningInMyanmar #အရေးတော်ပုံအောင်ရမည် https://t.co/iW1HMXn1gK	@cnni immediately stop the human rights violations against the arrested women using my talent to speak out for the women #whatshappeningnowinmyanmar #AmnestyInternational #Amnesty_International_USA #revolutionaryinsiders #WhatsHappeningInMyanmar #ชี่คับตัววั่ม https://t.co/iW1HMXn1gK
မင်္ဂလာတောင်ညွှန့် မြို့နယ် ကန်တော်လေး ၉၁လမ်းထိပ်တွင် ကျားတစ်ဦး ကျည်အစစ် Sniper နဲ့ပစ်ခက်ခံရ  Tonight was happening in Yangon Myanmar 🇲🇲 #အရေးတော်ပုံအောင်ရမည် #AgainstMyanmarMilitaryCoup #EndGunViolence #BREAKING https://t.co/M8E4yrrzYW	A tiger was shot by a sniper at the top of Kantolay 91 road in Mungaldaung Taung Nyunt Township. Tonight was happening in Yangon Myanmar 🇲🇲 #ชี่คับสัวมั่ม่ #AgainstMyanmarMilitaryCoup #EndGunViolence #BREAKING https://t.co/M8E4yrrzYW
ကိုရင့်ကို ကိုရင့်ထက်ပိုပီး ချစ်ဖို့ကောင်းအောင် တပည့်တော် မလုပ်ပေးတတ်ဖူး .. 🥰 ဦးတော်ပါ ကိုရင် .. 🙏   VitaDrawing  Crd  #Requested_TributeArt  #WhatsHappeningInMyanmar #အရေးတော်ပုံအောင်ရမည် #SaveMyammar #SpringRevolutionMyanmar https://t.co/s9610xw9uz	He has never made a student love Korin more than Korin .. 🥰 God bless Korin .. 🙏 VitaDrawing Crd #Requested_TributeArt #WhatsHappeningInMyanmar #ปีปิสวัวยวัว #SaveMyammar #SpringRevolutionMyanmar https://t.co/s9610xw9uz
ပျော်စရာသင်္ကြန်မဟုတ်တဲ့ တော်လှန်သင်္ကြန်  ငါတို့တွေ အောင်ပွဲ မရမချင်း မရပ်တန့်ဘူး💪🏻 #ThingyanRevolution #အတာအိုးသပိတ် #အရေးတော်ပုံအောင်ရမည်  #whatshappeningnowinmyanmar #သင်္ကြန်အကြို @shafiur @YourAnonCentral @KenRoth @RFABurmese @BBCWorld @poppymcp @Myanmar_Now_Eng https://t.co/bsYYwE4fWD	Happy Thingyan, not revolutionary Thingyan, we won't stop until we win 💪🏻 #ThingyanRevolution #ThingyanRevolution #ส้ายลั่ม่ #สี่วิชิมวัยว #whatshappeningnowinmyanmar #ThingyanRevolution @shafiur @YourAnonCentral @KenRoth @RFABurmese @BBCWorld @poppymcp @Myanmar_Now_Eng https://t.co/bsYYwE4fWD
စစ်ကိုင်းတိုင်း မုံရွာမြို့မှာ အကြမ်းဖက်စစ်အာဏာရှင်စံနစ်အား မတ်လ ၁၇ ရက်က ဆန့်ကျင်ဆန္ဒပြ (ပေးပို့သူ - CJ)       Source mizzima  #အရေးတော်ပုံအောင်ရမည် #RejectMyanmarMilitaryCoup #CrimesAgainstHumanity #Mar17Coup #MilkTeaAlliance #WhatsHappeningInMyanmar https://t.co/cMlSuVcHpK	Demonstration against the terrorist military dictatorship system in Monywa, Sagaing Province on March 17 (Sender - CJ) Source mizzima #ชี่คัววั่วิมต้า #RejectMyanmarMilitaryCoup #CrimesAgainstHumanity #Mar17Coup #MilkTeaAlliance #WhatsHappeningInMyanmar https://t.co/cMlSuVcHpK
မတ်လ ၁၇ ရက်​နေ့ သရက်မြို့ စစ်အာဏာရှင်ဆန့်ကျင်ရေး သပိတ် ပြည်သူ သိန်းချီ ချီတက်။ Source khit thit  #အရေးတော်ပုံအောင်ရမည် #RejectMyanmarMilitaryCoup #CrimesAgainstHumanity #HearTheVoiceOfMyammar #MilkTeaAlliance #WhatsHappeningInMyanmar https://t.co/lImXZKdQDB	On March 17th, thousands of people marched on strike against the military dictatorship in Tharek. Source khit thit #ชี่วัววัววัววิ #RejectMyanmarMilitaryCoup #CrimesAgainstHumanity #HearTheVoiceOfMyammar #MilkTeaAlliance #WhatsHappeningInMyanmar https://t.co/lImXZKdQDB
ဦးကျော်မိုးထွန်းသည်သာ UN တွင်မြန်မာနိုင်ငံ၏ အမြဲတမ်း သံအမတ်ကြီး ဖြစ်ပါကြောင်း ထောက်ခံတင်ပြအပ်ပါသည် ။  (11.9.2021) #အရေးတော်ပုံအောင်ရမည် #AcceptNUG #RejectSAC #GSCB #TakeAction #NoMoreWords #wesupportukyawmoetun #WeStandWithUKyawMoeHtun https://t.co/8i8LcsFrK2	U Kyaw Moe Tun is the permanent ambassador of Myanmar to the UN. (11.9.2021) #ชี่ชับตัววั่ม่ #AcceptNUG #RejectSAC #GSCB #TakeAction #NoMoreWords #wesupportukyawmoetun #WeStandWithUKyawMoeHtun https://t.co/8i8LcsFrK2
နော်ဝေသံအမတ် ဒေါ်မော်မော် နှုတ်ထွက်ပေးပါ။  ပြည်သူဘက်မှာ  မရပ်တည်တဲ့သံအမတ် အလိုမရှိ။   #shameonyoudawmawmaw #RejectMilitaryCoupInMyanmar  #WeStandWithCRPH #CivilDisobedienceMovement #SocialPunishmentMovement #အရေးတော်ပုံအောင်ရမည် 🇲🇲💪 crd.  အားလုံး ကော်ပီယူပြီး တင်ပေးကြပါ🙏 https://t.co/4J9474ZDbt	Please resign the Norwegian ambassador Daw Maw Maw. There is no need for an ambassador who does not stand on the side of the people. #shameonyoudawmawmaw #RejectMilitaryCoupInMyanmar #WeStandWithCRPH #CivilDisobedienceMovement #SocialPunishmentMovement #ชี่วิววัววั่วิด 🇲🇲💪 crd. Everyone copy and upload 🙏 https://t.co/4J9474ZDbt
မတ်လ ၁၇.၃.၂၀၂၁ ရက်နေ့​အောင်ပန်းမြို့တွင်  စစ်အာဏာရှင်ဆန့်ကျင်​ရေး သပိတ်စစ်ကြောင်း ၇ ခုခွဲ၍ လှည့်လည်။  Source khit thit  #အရေးတော်ပုံအောင်ရမည် #March17Coup  #RejectMyanmarMilitaryCoup #CrimesAgainstHumanity #MilkTeaAlliance #WhatsHappeningInMyanmar https://t.co/eDq61Er2VX	On March 17.3.2021, 7 anti-dictatorship pickets marched in Aung Pang town. Source khit thit #ชี่คับตัววั่ม #March17Coup #RejectMyanmarMilitaryCoup #CrimesAgainstHumanity #MilkTeaAlliance #WhatsHappeningInMyanmar https://t.co/eDq61Er2VX
ဆန္ဒပြပွဲ ပထမနေ့ အောင်မြင်စွာ ပြီးဆုံး ငြိမ်းချမ်းစွာ လူစုခွဲခဲ့ကြ အမှိုက်များပါ ရှင်းလင်းပေးခဲ့  #ပြည်သူနှင့်အတူ #အရေးတော်ပုံအောင်ရမည် #HearTheVoiceOfMyanmar #RespectOurVotes #CivilDisobedienceMovement #JusticeForMyanmar #SaveMyanmar #RejectTheMilitary #HelpUsAndSupportOurLeader https://t.co/NdxbrPjrc2	The first day of the protest was successfully completed, the people dispersed peacefully and the garbage was cleaned up.
ဒီနေ့ ဒီနေ့ ဒီနေ့ ကအားဆေးတစ်ခွက်ပဲ..တဲ့💪🏻🇲🇲😎  #WeWantJusticeMyanmar #အရေးတော်ပုံအောင်ရမည် #RejectMyanmarMilitaryCoup #SaveMyanmarDemocracy #MilkTeaAllianceMyanmar #WhatsHappeningInMyanmar #Mar24SilenceStrike https://t.co/EcyzZE6pTS	Today, today, today is just a cup of energy.. 💪🏻🇲🇲😎 #WeWantJusticeMyanmar #ชี่คัววัยวิวิว #RejectMyanmarMilitaryCoup #SaveMyanmarDemocracy #MilkTeaAllianceMyanmar #WhatsHappeningInMyanmar #Mar24SilenceStrike https://t.co/EcyzZE6pTS
မတ်လ ၁၇ ရက်​နေ့ ကယားပြည်နယ်၊လွိုင်​ကော်မြို့၊ နာနတ်တော စစ်အာဏာရှင်စနစ်ဆန့်ကျင်ရေး လူထုလှုပ်ရှားမှု။ Source khit thit  #အရေးတော်ပုံအောင်ရမည် #March17Coup #RejectMyanmarMilitaryCoup #CrimesAgainstHumanity #HearTheVoiceOfMyanmar #MilkTeaAlliance #WhatsHappeningInMyanmar https://t.co/L7FRGXpGG8	On March 17, Loikko, Kayah State, Mass movement against Nanattaw military dictatorship. Source khit thit #ชี่วัววัววัว #March17Coup #RejectMyanmarMilitaryCoup #CrimesAgainstHumanity #HearTheVoiceOfMyanmar #MilkTeaAlliance #WhatsHappeningInMyanmar https://t.co/L7FRGXpGG8
တောင်ကိုရီးယားပြည်နယ် ဝန်ကြီးချုပ်က မြန်မာစစ်ကောင်စီကို ဖြေရှင်းချက် တော... https://t.co/FKloo1QMKC via @YouTube  Thank you Korea!! @TheBlueHouseENG  @MOFAkr_eng   #Myanmar  #အရေးတော်ပုံအောင်ရမည်  #Yangon #DonateCRPH #CrimesAgainstHumanity https://t.co/3h1gVRqZGw	The Prime Minister of South Korea asked the Myanmar Military Council for a solution... https://t.co/FKloo1QMKC via @YouTube Thank you Korea!! @TheBlueHouseENG @MOFAkr_eng #Myanmar #CrimesAgainstHumanity #Yangon #DonateCRPH #CrimesAgainstHumanity https://t.co/3h1gVRqZGw
“ဒီပွဲက သူသေ သူသေပဲ။ သူသေရင်သေ ...  မသေရင် သူသေပဲ ကိုယ်တော့ အသေမခံနိုင်ဘူး။” တောင်ကြီးမှမြင်ကွင်းတချို့  #Voice_Of_Myanmar #rejectmilitarycoupmyanmar #democracyformyanmar #အရေးတော်ပုံအောင်ရမည် #CivilDisobedienceMyanmarChallenge #CivilDisobedience #WeSupportHeroes https://t.co/jYR2LUBuc2	"This match is a death match. If he dies, he dies...if he doesn't die, he dies. I can't die." Some views from the mountains #Voice_Of_Myanmar #rejectmilitarycoumpyanmar #democracyformyanmar #สี่วัยตั่ม้าย #CivilDisobedienceMyanmarChallenge #CivilDisobedience #WeSupportHeroes https://t.co/jYR2LUBuc2
ဆန္ဒပြပွဲ ပထမနေ့ အောင်မြင်စွာ ပြီးဆုံး ငြိမ်းချမ်းစွာ လူစုခွဲခဲ့ကြ အမှိုက်များပါ ရှင်းလင်းပေးခဲ့  #ပြည်သူနှင့်အတူ #အရေးတော်ပုံအောင်ရမည် #HearTheVoiceOfMyanmar #RespectOurVotes #CivilDisobedienceMovement #RejectTheMilitary #HelpUsAndSupportOurLeader #aungsansukyi https://t.co/vFoY2uUFlm	The first day of the protest was successfully completed and the people dispersed peacefully and the garbage was cleared.
သွေးမအေးတဲ့ မန္တလေးရဲ့ အသံမတိတ်တဲ့ ပြည်/ခွန်သပိတ်  ညီညာမှ ပြည်သာမယ် ပြည်သာဖို့ ညီညာစို့...  #US_SanctionMOGE  #2022May9Coup  #WhatsHappeningInMyanmar #SupportPDFForDemocracy #LegalizationOfNUG #NightStrike  #အရေးတော်ပုံအောင်ရမည်  #အဂ္ဂဝံသ https://t.co/nb92cwqtZy	The silent land of Mandalay that is not cold-blooded/the tax strike. Let's be united for the land to be united... #US_SanctionMOGE #2022May9Coup #WhatsHappeningInMyanmar #SupportPDFForDemocracy #LegalizationOfNUG #NightStrike #ชี้ปับตัวยวับ #ที่ที่ย https://t.co/nb92cwqtZy
ပြည်သူတွေကို၊ လူငယ်တွေကို အကြမ်းမဖက်ဖို့ ရှေ့ကနေ မားမားမတ်မတ် ရပ်တည်တောင်းပန်နေတဲ့ မာသာ ထရီဇာ။#အရေးတော်ပုံအောင်ရမည် #RejectMilitaryCoup #WevotedNLD #WeWantOurLeaderBack #WeNeedDemocracy #HearTheVoiceOfMyanmar #whatshappeningnowinmyanmar #MilkTeaAlliance #Myanmar https://t.co/7HOOE7Mgvy	to the people Martha Teresa is standing in the front and asking for the youth not to be violent.
စစ်တပ် နဲ့ ကြံ့ခိုင်ရေး ကလိမ်ကကျစ် ဆန္ဒပြဖို့ လူစုနည်း https://t.co/Xsl3086FWC via @YouTube  #စစ်အာဏာရှင်စနစ်ကျရှုံးပါစေ #အရေးတော်ပုံအောင်ရမည် #NoMoreSilence #HearTheVoiceOfMyanmar #RespectOurVotes #Westandwithaungsansukyi #Civil_Disobedience_Movement #AungSanSuuKyi	How to gather people to protest against the military and security https://t.co/Xsl3086FWC via @YouTube #பிழியிண்ப்ப்புக்குய்ப்ப்புப்ப்பியாயை #சிர்ப்பியுய்புப்பு #NoMoreSilence #HearTheVoiceOfMyanmar #RespectOurVotes #Westandwithaungsansukyi #Civil_Disobedience_Movement #AungSanSuuKyi
April နှင့်အတူမွေးဖွားလာမည့် နိုင်ငံတကာထောက်ခံမှုနှင့်အသိအမှတ်ပြု တရားဝင် CRPH နှင့် Federal Army ကိုကြိုဆိုဂုဏ်ပြုပါ၏။ #CRPH  #FederalArmy  #အရေးတော်ပုံအောင်ရမည်  #RejectMilitaryCoupInMyanmar  #SaveMyammar  #WhatsHappiningInMyanmar https://t.co/sbMweAlkho	We are proud to welcome the official CRPH and the Federal Army to be born with international support and recognition in April. #CRPH #FederalArmy #ชี่วัยตั่ม้า #RejectMilitaryCoupInMyanmar #SaveMyammar #WhatsHappiningInMyanmar https://t.co/sbMweAlkho
မြန်မာပြည်ကြီးပြန်လည် ရှင်သန်ဖို့ အာဏာရှင်စနစ်ဆိုးကြီးထဲက ကြိုးစားရုန်းထွက်ကျမယ် Happy Easter Everyone #April42021 #EasterEggStrike  #worldrecordegg  #EasterSunday #HearTheVoiceOfMyanmar  #JusticeForMyanmar  #WhatsHappeningInMyanmar #အရေးတော်ပုံအောင်ရမည် https://t.co/O5PtylH267	Happy Easter Everyone #April42021 #EasterEggStrike #worldrecordegg #EasterSunday #HearTheVoiceOfMyanmar #JusticeForMyanmar #WhatsHappeningInMyanmar #ชี่วัววัววัว https://t.co/O5PtylH267
Rest in Peace, Spring Heros!  ကျဆုံးခဲ့ရသော သူရဲကောင်းများ ငြိမ်းချမ်းစွာ အနားယူပါတော့  #အရေးတော်ပုံအောင်ရမည် #အရေးတော်ပုံအောင်ရမည် #အရေးတော်ပုံအောင်ရမည်  #March3Coup  #WhatsHappeninglnMyanmar https://t.co/xYKhLZm6yL	Rest in Peace, Spring Heroes! May the fallen heroes rest in peace.
The date of victory is all that remains to be written.  အောင်မြင်သွားတဲ့ရက် ထိုးဖို့ပဲကျန်တယ် #အရေးတော်ပုံအောင်ရမည် https://t.co/Wky6poC0ta	The date of victory is all that remains to be written. All that's left to do is to make a successful day
13.3.2021 ယ နေ့ ရွှေမန္တလေး  ဆိုင်ကယ်သပိတ်စစ်ကြောင်း #ငါတို့နိုင်ကိုနိုင်ရမည်  #ငါတို့ကျောင်းသားငါတို့ပြန်ပေး  #အရေးတော်ပုံအောင်ရမည်   #WeWantDemocracy  #WeWantOurLeaders  #FreeOurStudents  #RejectMilitaryCoupInMyanmar  #wewantourgovernmentback  #GenZ https://t.co/ryHRUGP1kY	13.3.2021 Shwe Mandalay Motorcycle Strike Column today #สัววั่วิต้วิว #สัววัวต้าวิ่วิวิม #บิวลับต้าวิว #WeWantDemocracy #WeWantOurLeaders #FreeOurStudents #RejectMilitaryCoupInMyanmar #wewantourgovernmentback #GenZ https://t.co/ryHRUGP1kY
သီတဂူဗုဒ္ဓတက္ကသိုလ်(စစ်ကိုင်း)တွင် ဆီမီးထွန်းဆုတောင်းပွဲပြုလုပ်  စစ်ကိုင်း၊ မတ် ၂၄ 🙏🪔🇲🇲  #ဇေယျာတိုင်းမ် #အရေးတော်ပုံအောင်ရမည် #RejectMyanmarMilitaryCoup #SaveMyanmarDemocracy #MilkTeaAlliance #WhatsHappeningInMyanmar #Mar24Coup #SupportCRPH https://t.co/p3cMomZRPx	Sitagu Buddhist University (Sagaing) held a candle-lit prayer ceremony in Sagaing. March 24th 🙏🪔🇲🇲 #สัวัชิชัน #ปี่ชิต้ายลับ #RejectMyanmarMilitaryCoup #SaveMyanmarDemocracy #MilkTeaAlliance #WhatsHappeningInMyanmar #Mar24Coup #SupportCRPH https://t.co/p3cMomZRPx
ဓမ္မနှင့် အဓမ္မ တို့ အားပြိုင်တဲ့ပွဲမှာ ဓမ္မကသာ အနိုင်ရစေမယ်.. #အရေးတော်ပုံအောင်ရမည်# #WeNeedR2PInMyanmar  #WeSupportNUG #WeStandWithDrSaSa  #WhatIsHappeningInMyanmar  #RespectOurVotes  #RejectMilitaryCoup  #rejectAseansummit	In the battle between Dharma and Adharma, only Dharma will win.
မုံရွာ တစ်ဖက်ကမ်းမှ လူဦးရေထောင်ချီပါ၀င်သည့် 48ရက်မြောက် ရွာပေါင်းစုံသပိတ် ၂၇-၀၄-၂၀၂၁ #အရေးတော်ပုံအောင်ရမည်  #savemyanmar_burma #WeSupportCRPH #WeNeedR2PInMyanmar #WelcomeR2P #WeSupportNUG  #crdjoe https://t.co/LmxsLpuUSE	The 48-day multi-village strike involving thousands of people from the other side of the Hmong village 27-04-2021 #ชี่วัยตัววิว #savemyanmar_burma #WeSupportCRPH #WeNeedR2PInMyanmar #WelcomeR2P #WeSupportNUG #crdjoe https://t.co/LmxsLpuUSE
မတ်လ ၁၇ ရက်​နေ့ ပဲခူး စစ်အာဏာရှင်ဆန့်ကျင်​ရေးသပိတ်။ source khit thit  #အရေးတော်ပုံအောင်ရမည် #Mar17Coup #RejectMyanmarMilitaryCoup #CrimesAgainstHumanity #MilkTeaAlliance #WhatsHappeningInMyanmar https://t.co/nHJaDQGlyG	March 17 strike against the Bago military dictatorship. source khit thit #ชี่คัววัววั่ว #Mar17Coup #RejectMyanmarMilitaryCoup #CrimesAgainstHumanity #MilkTeaAlliance #WhatsHappeningInMyanmar https://t.co/nHJaDQGlyG
တရုတ်ပြည်ကို တို့မပေး  မြန်မာ ဖရဲသီးချိူချိူလေး 🍉🍉🍉🍉  ငါတို့ဖရဲသီး ငါတို့စားမယ်။🍉❣️  12.4.2021✨  #watermelonstrike  #WhatsHappeningInMyanmar  #april12coup  #SpringRevolutionMyanmar   #အရေးတော်ပုံအောင်ရမည် https://t.co/8ZnAY6qxCo	Don't touch China, Myanmar watermelon chuchuu 🍉🍉🍉🍉 We will eat our watermelons. 🍉❣️ 12.4.2021✨ #watermelonstrike #WhatsHappeningInMyanmar #april12coup #SpringRevolutionMyanmar #ชี่คับต้าว้ย่ https://t.co/8ZnAY6qxCo
တရားသောဘက်က ရပ်ကြသူတိုင်း  ဘေးအန္တရာယ်ကင်းကြပါစေ... သတိအထူးရှိကြပါ...ဆောင်ရန်ရှောင်ရန်များလဲ မမေ့ကြပါနဲ့လို့ #အရေးတော်ပုံအောင်ရမည် #besafeeveryone #BeAlertAndReady #BeWiseandBeSmart #whatshappeningnowinmyanmar #savemyammarfrommilitarycoup #28Feb2021 #MilkTeaAlliance	May all those who stand on the side of justice be safe...be careful...don't forget the do's and don'ts.
လူမျိုးပေါင်းစုံ စုဝေး မတ်လတော်လှန်ရေး မတ်လ (၂၅) ရက်နေ့မှ (၃၁) ရက်နေ့အထိ✊🏽🇲🇲🕊️#GSCN #FascistRevolution2021 #WeWantJusitceMyanmar #Mar27Coup #WhatsHappeningInMyanmar #အရေးတော်ပုံအောင်ရမည် https://t.co/IkZkGv1Nuv	Multi-ethnic gathering March Revolution from March 25th to 31st ✊🏽🇲🇲🕊️#GSCN #FascistRevolution2021 #WeWantJusitceMyanmar #Mar27Coup #WhatsHappeningInMyanmar #ชี้ปับตัววัววั่ https://t.co/IkZkGv1Nuv
တော်လှန်သင်္ကြန်🌼 Each year we will celebrate our new year for four days, splashing water and doing good deeds. This year, we're not celebrating as we are fighting against dictatorship. #Myanmar #Thingyan #အရေးတော်ပုံအောင်ရမည် #Apr13Coup #WhatsHappeningInMyanmar #MilkTeaAlliance https://t.co/BpDPVCjZSt	Revolutionary Thingyan 🌼 Each year we will celebrate our new year for four days, splashing water and doing good deeds. This year, we're not celebrating as we are fighting against dictatorship. #Myanmar #Thingyan #ชี่วัยตั่ม้า #Apr13Coup #WhatsHappeningInMyanmar #MilkTeaAlliance https://t.co/BpDPVCjZSt
နော်ဝေသံအမတ် ဒေါ်မော်မော် နှုတ်ထွက်ပေးပါ။  ပြည်သူဘက်မှာ  မရပ်တည်တဲ့သံအမတ် အလိုမရှိ။   #shameonyoudawmawmaw #RejectMilitaryCoupInMyanmar  #WeStandWithCRPH #CivilDisobedienceMovement #SocialPunishmentMovement #အရေးတော်ပုံအောင်ရမည် 🇲🇲💪 https://t.co/bqaFuIKnKk	Please resign the Norwegian ambassador Daw Maw Maw. There is no need for an ambassador who does not stand on the side of the people. #shameonyoudawmawmaw #RejectMilitaryCoupInMyanmar #WeStandWithCRPH #CivilDisobedienceMovement #SocialPunishmentMovement #ชี่วิววัววั่ยว 🇲🇲💪 https://t.co/bqaFuIKnKk
ကမ္ဘာမကြေဘူး.. ကမ္ဘာမကြေဘူး.. ကမ္ဘာမကြေဘူး #WeNeedR2PInMyanmar #WeStandWithCRPH #WeStandwithActingPresidentUMannWinKhineThan #WeStandWithDrSaSa #JusticeForMyanmar #WhatIsHappeningInMyanmar #RespectOurVotes #RejectMilitaryCoup #WeSupportCDM #အရေးတော်ပုံအောင်ရမည် #နွေဦးတော်လှန်ရေး https://t.co/KRZi7TVugy	The world will not be destroyed.. The world will not be destroyed.. The world will not be destroyed #WeNeedR2PInMyanmar #WeStandWithCRPH #WeStandwithActingPresidentUMannWinKhineThan #WeStandWithDrSaSa #JusticeForMyanmar #WhatIsHappeningInMyanmar #RespectOurVotes #RejectMilitaryCoup #WeSupportCDM #ชียลับติวิวย่า #และโด้ย่า https://t.co/KRZi7TVugy
နွေဦး တော်လှန်ရေး ရက် ၁၀၀ ပြည့်  ၁၁ မေ ၂၀၂၁ #အရေးတော်ပုံအောင်ရမည် #WhatsHappeningInMyanmar ​#100days #RejectMilitaryCoup #SupportNUG https://t.co/KgevB9Ifdx	100th day of the Spring Revolution 11 May 2021 #ชี่คั่วิวิวิม #WhatsHappeningInMyanmar #100days #RejectMilitaryCoup #SupportNUG https://t.co/KgevB9Ifdx
၂.၃.၂၀၂၁ / ၀၉:၀၀ ပြည်သူအင်အားစု ဆင်ရေတွင်းလမ်းဆုံ —- ©️Capture by YP #အရေးတော်ပုံအောင်ရမည် #RejectMyanmarMilitaryCoup #JusticeForMyanmar #whatshappeningnowinmyanmar https://t.co/CilGh37zwK	2.3.2021 / 09:00 People's Force Elephant Crossing —- ©️Capture by YP #ชี่คัววัววิวิว #RejectMyanmarMilitaryCoup #JusticeForMyanmar #whatshappeningnowinmyanmar https://t.co/CilGh37zwK
မြန်မာပြည်ကြီး အေးချမ်းစွာပြန်လည်ရှင်သန်လာပါစေ လို့ ဆုတောင်းရင်း   #Easter_Egg_Day  4.4.2021 #eastereggstrike #EasterStrike #rejectmilitarycoupmyanmar #whatshappeningnowinmyanmar #အရေးတော်ပုံအောင်ရမည် #easter_egg_day #eastereggstrike https://t.co/koUA1tflZv	Praying for a peaceful revival of Myanmar #Easter_Egg_Day 4.4.2021 #eastereggstrike #EasterStrike #rejectmilitarycoupmyanmar #whatshappeningnowinmyanmar #ชี้ปับตัวย้าย #easter_egg_day #eastereggstrike https://t.co/koUA1tflZv
